time/fps,rollout/ep_len_mean,time/time_elapsed,rollout/ep_rew_mean,time/total_timesteps,time/iterations,train/learning_rate,train/value_loss,train/approx_kl,train/clip_range,train/explained_variance,train/entropy_loss,train/clip_fraction,train/policy_gradient_loss,train/n_updates,train/loss
60,854.0,34,70.3271015,2048,1,,,,,,,,,,
60,842.75,68,71.8049715,4096,2,0.0003,0.43460296243429186,0.014446258,0.2,-0.018581032752990723,-2.866846391558647,0.07529296875,-0.009119020559592173,10,0.16479770839214325
60,846.5714285714286,101,73.74397771428572,6144,3,0.0003,0.4483841940760612,0.010839544,0.2,0.10074394941329956,-2.845620948076248,0.066943359375,-0.0068672477325890215,20,0.18037408590316772
60,845.2222222222222,134,73.82929433333334,8192,4,0.0003,0.4480582155287266,0.008276586,0.2,0.08843368291854858,-2.8400565087795258,0.043212890625,-0.004146532446611673,30,0.21549546718597412
60,848.75,167,74.3076055,10240,5,0.0003,0.4773966606706381,0.013310266,0.2,0.08872264623641968,-2.8302823454141617,0.110400390625,-0.011403042450547218,40,0.20809432864189148
60,851.5,204,74.92580428571429,12288,6,0.0003,0.5232818081974984,0.013733135,0.2,0.13047808408737183,-2.8074488073587416,0.08779296875,-0.009202654415275902,50,0.23571644723415375
60,853.75,236,75.6943430625,14336,7,0.0003,0.5096854466944933,0.014807401,0.2,0.07363706827163696,-2.7915745049715044,0.095458984375,-0.00737276048748754,60,0.23823213577270508
60,856.3157894736842,268,76.70179336842105,16384,8,0.0003,0.5698446668684483,0.013483825,0.2,0.09468287229537964,-2.771332731842995,0.106494140625,-0.009087062970502302,70,0.31117570400238037
61,857.4761904761905,300,77.46412414285713,18432,9,0.0003,0.7162142135202885,0.011919687,0.2,0.09238207340240479,-2.754564180970192,0.112060546875,-0.010509785660542548,80,0.30879801511764526
61,859.6086956521739,333,78.67228139130434,20480,10,0.0003,0.6333194091916085,0.013619937,0.2,0.1463804841041565,-2.7270357102155685,0.106884765625,-0.009529180714162066,90,0.3831157684326172
61,861.3461538461538,364,79.8569373076923,22528,11,0.0003,0.7814794406294823,0.0118070375,0.2,0.08901900053024292,-2.6879524797201158,0.1064453125,-0.00921448987792246,100,0.4927583336830139
61,862.5,397,80.74122907142858,24576,12,0.0003,0.8118302881717682,0.013230875,0.2,0.155226469039917,-2.6664828777313234,0.130224609375,-0.011643551394809038,110,0.2728906273841858
61,863.3333333333334,429,81.33009813333335,26624,13,0.0003,0.7418204948306084,0.0137128215,0.2,0.06024986505508423,-2.6405349403619764,0.130517578125,-0.010597135114949197,120,0.3566426932811737
62,864.2424242424242,462,81.91707751515152,28672,14,0.0003,0.7967811048030853,0.0125386445,0.2,0.13437038660049438,-2.6237873107194902,0.125830078125,-0.011461861978750676,130,0.5123218894004822
62,864.6285714285714,495,82.25092002857143,30720,15,0.0003,0.9208787254989147,0.013628077,0.2,0.10327762365341187,-2.5852903008460997,0.118994140625,-0.008612529741367326,140,0.5696317553520203
62,864.6216216216217,528,82.50125302702702,32768,16,0.0003,0.8203837834298611,0.011267414,0.2,0.1558578610420227,-2.5516739159822466,0.125146484375,-0.009001742047257722,150,0.30955636501312256
62,865.1,560,83.126546725,34816,17,0.0003,0.8514252983033657,0.011192935,0.2,0.042821288108825684,-2.5329832911491392,0.119873046875,-0.00908037439803593,160,0.5474977493286133
62,865.5952380952381,591,83.63474345238096,36864,18,0.0003,1.095371950417757,0.008570803,0.2,0.11369466781616211,-2.5169867128133774,0.09248046875,-0.005843513453146443,170,0.44879579544067383
62,866.2045454545455,624,84.11700081818184,38912,19,0.0003,1.0254917196929454,0.013674401,0.2,0.019124984741210938,-2.469973075389862,0.14306640625,-0.010605616157408803,180,0.4825768768787384
62,867.0212765957447,658,84.65626034042553,40960,20,0.0003,0.8752892486751079,0.012177335,0.2,0.08293533325195312,-2.444919380545616,0.136376953125,-0.0059258981491439044,190,0.553462564945221
62,867.3061224489796,690,84.97077640816327,43008,21,0.0003,1.1273854784667492,0.011696607,0.2,0.08132874965667725,-2.4695611983537673,0.12626953125,-0.005238525889581069,200,0.3398382365703583
62,867.5686274509804,722,85.21219099999999,45056,22,0.0003,1.0729787580668926,0.012287553,0.2,0.03834766149520874,-2.509908825159073,0.132177734375,-0.0063524202792905275,210,0.3248368799686432
62,867.9444444444445,754,85.89544916666667,47104,23,0.0003,1.0397671982645988,0.01966856,0.2,0.08461254835128784,-2.484698700904846,0.198779296875,-0.009611074754502624,220,0.44907984137535095
62,867.9642857142857,786,86.23801267857142,49152,24,0.0003,1.2840645112097264,0.011524221,0.2,0.10444772243499756,-2.522943675518036,0.141845703125,-0.001546264422358945,230,0.7538232803344727
62,868.3448275862069,818,86.61650222413792,51200,25,0.0003,1.1397536776959896,0.01841231,0.2,-0.033550262451171875,-2.47200793325901,0.190966796875,-0.00869024412240833,240,0.5399258136749268
62,868.8196721311475,850,86.87358652459015,53248,26,0.0003,1.0973297201097012,0.01585785,0.2,0.06632554531097412,-2.4393664240837096,0.151318359375,-0.006295912672067061,250,0.5823079943656921
62,869.1111111111111,883,87.16309687301586,55296,27,0.0003,1.3909019164741039,0.014741304,0.2,0.15463393926620483,-2.4407188057899476,0.16123046875,-0.007129806402372196,260,0.7507873177528381
62,869.276923076923,915,87.54636030769231,57344,28,0.0003,1.288362093269825,0.015341427,0.2,0.18620574474334717,-2.415401190519333,0.14033203125,-0.0034365096304100006,270,0.6652307510375977
62,869.4411764705883,948,87.71750285294118,59392,29,0.0003,1.2302786149084568,0.018891856,0.2,0.036059796810150146,-2.411842954158783,0.163525390625,-0.0011117370333522559,280,0.44488850235939026
62,869.5857142857143,980,87.9197450857143,61440,30,0.0003,1.1605121225118638,0.020078186,0.2,0.11457812786102295,-2.4220210313796997,0.179150390625,-0.006095282390015199,290,0.35606318712234497
62,869.6986301369863,1013,88.2268616438356,63488,31,0.0003,1.1040975779294968,0.018156063,0.2,0.14105504751205444,-2.452222001552582,0.1806640625,-0.004853513644775376,300,0.5226283073425293
62,869.64,1044,88.34230883999999,65536,32,0.0003,1.3423001527786256,0.018381007,0.2,0.08757543563842773,-2.4494821697473528,0.1759765625,-0.004740218783263117,310,0.5889949202537537
62,870.0649350649351,1079,88.54282063636363,67584,33,0.0003,1.1153000541031362,0.014192003,0.2,0.09630823135375977,-2.4238171875476837,0.139892578125,-0.0013074493617750704,320,0.5233325958251953
62,870.1125,1113,88.824478925,69632,34,0.0003,1.0033447042107582,0.01637476,0.2,0.20010846853256226,-2.3555199652910233,0.14482421875,-0.006380137230735272,330,0.46920332312583923
62,870.3048780487804,1147,88.983746,71680,35,0.0003,1.383922528475523,0.013410421,0.2,0.09250831604003906,-2.3750306189060213,0.13134765625,-0.004535181936807931,340,0.6824157238006592
62,870.5119047619048,1180,89.29483123809523,73728,36,0.0003,1.1769187860190868,0.015263862,0.2,-0.054855942726135254,-2.352503776550293,0.1525390625,-0.006922140845563263,350,0.511462926864624
62,870.448275862069,1214,89.70476280459769,75776,37,0.0003,1.1456933252513408,0.014547301,0.2,0.024084091186523438,-2.335180479288101,0.14150390625,-0.008257808885537088,360,0.34828072786331177
62,870.8202247191011,1247,89.90934147191011,77824,38,0.0003,1.51514196023345,0.013573116,0.2,0.10231274366378784,-2.313064473867416,0.11552734375,-0.006632047233870253,370,0.7019234895706177
62,870.7692307692307,1279,90.11881643956043,79872,39,0.0003,1.0794892340898514,0.022485714,0.2,0.13954150676727295,-2.2813248932361603,0.15390625,-0.005819187068846076,380,0.38876599073410034
62,871.0744680851063,1313,90.33753607446808,81920,40,0.0003,1.1610045418143273,0.015372926,0.2,0.06512516736984253,-2.2906756907701493,0.139501953125,-0.007171495730290189,390,0.4449741840362549
62,871.0520833333334,1345,90.46239800000001,83968,41,0.0003,1.4900428555905818,0.012397716,0.2,0.06875336170196533,-2.288097673654556,0.136083984375,-0.007027849648147821,400,0.8118417859077454
62,871.1428571428571,1378,90.70139065306122,86016,42,0.0003,1.0316878225654365,0.01685946,0.2,0.051322340965270996,-2.272192245721817,0.16708984375,-0.007879911741474644,410,0.4188348054885864
62,871.31,1410,91.14955671999998,88064,43,0.0003,1.1856521278619767,0.011044608,0.2,0.09357964992523193,-2.1975070357322695,0.114013671875,-0.006153886421816424,420,0.6090255379676819
62,872.45,1443,91.81483007000001,90112,44,0.0003,1.5900121748447418,0.010161299,0.2,0.0841715931892395,-2.2255928218364716,0.096826171875,-0.004662348766578362,430,0.6413747072219849
62,872.97,1475,92.28461839000002,92160,45,0.0003,1.2165445543825626,0.00968635,0.2,0.12157195806503296,-2.1802376210689545,0.111083984375,-0.005582592700375244,440,0.3406614661216736
62,873.99,1507,93.01718238,94208,46,0.0003,1.0805195674300194,0.011676386,0.2,0.1442040205001831,-2.1982149094343186,0.108349609375,-0.008145387086551636,450,0.4745330214500427
62,874.41,1538,93.40921933999998,96256,47,0.0003,1.3957457676529885,0.015825728,0.2,0.06231856346130371,-2.126639997959137,0.17900390625,-0.010948599909897893,460,0.9069010019302368
62,874.91,1572,93.97792170000002,98304,48,0.0003,1.096907139569521,0.011192188,0.2,0.1611904501914978,-2.149048465490341,0.08916015625,-0.006350726162781939,470,0.4292800724506378
62,875.14,1605,94.67745479999999,100352,49,0.0003,1.2636110790073871,0.010825218,0.2,0.10832184553146362,-2.1741989672183992,0.102734375,-0.006562659068731591,480,0.4114733636379242
62,875.54,1638,95.12163892000001,102400,50,0.0003,1.490016223490238,0.012450074,0.2,0.16453099250793457,-2.1231097638607026,0.1322265625,-0.009739728434942663,490,0.5301486849784851
62,875.7,1670,95.49405028000002,104448,51,0.0003,1.2800099082291125,0.011340715,0.2,0.1106104850769043,-2.123359405994415,0.09599609375,-0.007422935718204826,500,0.4348544776439667
62,875.98,1702,95.89195283,106496,52,0.0003,1.1518874950706959,0.009004641,0.2,0.1218828558921814,-2.0702965259552,0.093603515625,-0.008076502342009916,510,0.42806124687194824
62,876.15,1734,96.25097541999999,108544,53,0.0003,1.1546794466674328,0.010512119,0.2,0.19653338193893433,-2.049588304758072,0.0763671875,-0.0066311397938989105,520,0.5921739339828491
62,876.38,1766,96.60193459,110592,54,0.0003,1.686893379688263,0.011929506,0.2,0.12146389484405518,-2.0116510152816773,0.094970703125,-0.007445237092906609,530,0.7785847783088684
62,876.51,1800,96.81523478000003,112640,55,0.0003,1.2304934531450271,0.008219434,0.2,0.10030531883239746,-1.98118467181921,0.064794921875,-0.005959011067170649,540,0.37355518341064453
62,876.65,1833,97.26611094000002,114688,56,0.0003,1.292563184350729,0.010438073,0.2,0.07873082160949707,-2.032823885977268,0.085498046875,-0.006248624733416364,550,0.6382510662078857
62,876.88,1867,97.53123085999998,116736,57,0.0003,1.5186226055026055,0.010733761,0.2,0.169242262840271,-2.071902985870838,0.0880859375,-0.005448775127297268,560,0.7459315061569214
62,876.98,1900,97.80523606999998,118784,58,0.0003,1.3117276944220067,0.010567363,0.2,0.11169350147247314,-2.064230877161026,0.067724609375,-0.005223482544533908,570,0.6561141610145569
62,877.11,1934,98.12223664000001,120832,59,0.0003,1.1953921794891358,0.011071987,0.2,0.1155652403831482,-1.9906136631965636,0.107177734375,-0.007526966830482706,580,0.6845633387565613
62,877.44,1966,98.36401768000002,122880,60,0.0003,1.4226677805185317,0.009947983,0.2,0.17983561754226685,-1.9613278299570083,0.07255859375,-0.007090190495364368,590,0.513750433921814
62,877.49,1999,98.54074234000001,124928,61,0.0003,1.2209409706294536,0.01008934,0.2,0.1556658148765564,-1.9367618545889855,0.07841796875,-0.005091485800221562,600,0.4180243909358978
62,877.68,2029,98.84141094,126976,62,0.0003,1.1910044357180596,0.011075497,0.2,0.20331323146820068,-1.971742331981659,0.10380859375,-0.00836702065425925,610,0.7268327474594116
62,877.57,2064,99.05293823000002,129024,63,0.0003,1.3915467843413354,0.0097142495,0.2,0.3011742830276489,-1.956655779480934,0.086865234375,-0.00691061161342077,620,0.7824282646179199
62,877.68,2095,99.24845526000001,131072,64,0.0003,1.384596697241068,0.009277658,0.2,0.14260214567184448,-1.9331752464175225,0.08251953125,-0.006024853338021785,630,0.39566341042518616
62,877.82,2128,99.60576840000002,133120,65,0.0003,1.1734684728085996,0.009364289,0.2,0.19767862558364868,-1.9455543711781502,0.076123046875,-0.0050438468810170885,640,0.38525283336639404
62,878.06,2161,99.76290795000001,135168,66,0.0003,1.44653130620718,0.0077406634,0.2,0.26272475719451904,-1.9183696806430817,0.05986328125,-0.004051200987305492,650,0.7196575999259949
62,878.34,2193,99.91949739999998,137216,67,0.0003,1.1747889772057534,0.011204835,0.2,-0.0006388425827026367,-1.8796948045492172,0.085205078125,-0.005910172127187252,660,0.5873162746429443
62,878.29,2226,100.20048942000001,139264,68,0.0003,1.2737095803022385,0.00830984,0.2,0.10628581047058105,-1.8895233526825905,0.097998046875,-0.0062425043492112305,670,0.5481708645820618
62,878.38,2258,100.37286335000003,141312,69,0.0003,1.3942223437130452,0.0085883755,0.2,0.22083163261413574,-1.8094082295894622,0.072021484375,-0.008750786434393375,680,0.6903049945831299
62,878.44,2290,100.51273740999999,143360,70,0.0003,1.1459538832306861,0.008873277,0.2,0.22840964794158936,-1.797731962800026,0.073876953125,-0.007014127803267911,690,0.4439398944377899
62,878.6,2323,100.70946757,145408,71,0.0003,1.1290665678679943,0.010466127,0.2,0.22419077157974243,-1.806434504687786,0.078466796875,-0.005649863020516932,700,0.5431889295578003
62,878.58,2355,100.92581157999999,147456,72,0.0003,1.504350547492504,0.008850792,0.2,0.24027985334396362,-1.8004772335290908,0.07392578125,-0.005434204521588981,710,0.44622230529785156
62,878.76,2389,101.11270397,149504,73,0.0003,1.1752392843365669,0.010427854,0.2,0.18444472551345825,-1.758717270195484,0.064208984375,-0.004018173011718318,720,0.7002774477005005
62,878.83,2422,101.39718171,151552,74,0.0003,1.2311112128198147,0.008217688,0.2,0.2597079277038574,-1.7718352317810058,0.06123046875,-0.00481768244644627,730,0.344340443611145
62,879.16,2455,101.63586723,153600,75,0.0003,1.4319559015333652,0.012316632,0.2,0.1943984031677246,-1.7178463846445085,0.100732421875,-0.006793027784442529,740,0.6636854410171509
62,878.98,2488,101.79900228999999,155648,76,0.0003,1.2833006612956523,0.008278157,0.2,0.2363511323928833,-1.7125991076231002,0.051513671875,-0.0051579655439127235,750,0.5967429280281067
62,878.9,2520,102.01783848,157696,77,0.0003,1.217896608263254,0.00974628,0.2,0.18596559762954712,-1.7557689368724823,0.08759765625,-0.008373734267661349,760,0.49688833951950073
62,878.95,2552,102.30309338,159744,78,0.0003,1.4797136597335339,0.0074969805,0.2,0.3480382561683655,-1.7138087391853332,0.03818359375,-0.003328873967984691,770,0.7369078993797302
62,878.95,2585,102.36129742000001,161792,79,0.0003,1.3974497228860856,0.008354831,0.2,0.2429966926574707,-1.7031015738844872,0.066259765625,-0.005226668086834252,780,0.7341082096099854
62,879.36,2618,102.45535360999999,163840,80,0.0003,1.3041777290403842,0.0074460427,0.2,0.20483213663101196,-1.6496541962027549,0.066064453125,-0.004492682800628245,790,0.5962647795677185
62,879.21,2650,102.56924533999998,165888,81,0.0003,1.4120514571666718,0.0066477526,0.2,0.32465988397598267,-1.6164793610572814,0.0357421875,-0.002394520613597706,800,0.49759286642074585
62,879.55,2685,102.76439623999997,167936,82,0.0003,1.4344265274703503,0.008632241,0.2,0.1187291145324707,-1.6448839902877808,0.0833984375,-0.008022851491114124,810,0.6000240445137024
62,879.44,2718,102.93717805999997,169984,83,0.0003,1.3106777839362622,0.008807969,0.2,0.2937844395637512,-1.6496773585677147,0.056982421875,-0.0037044354889076204,820,0.5096839070320129
62,879.78,2749,103.22807699999997,172032,84,0.0003,1.3793735429644585,0.007250334,0.2,0.4415571689605713,-1.6739930912852288,0.044189453125,-0.00551629233523272,830,0.7371711134910583
62,879.9,2781,103.29219749999999,174080,85,0.0003,1.5158304214477538,0.008950671,0.2,0.1222500205039978,-1.6411592990159989,0.069677734375,-0.005837292247451842,840,0.7515771985054016
62,879.93,2812,103.40552858000001,176128,86,0.0003,1.1061901070177556,0.00568159,0.2,0.3209611773490906,-1.6395582467317582,0.049658203125,-0.005620787624502554,850,0.4305763840675354
62,879.64,2844,103.51806935999998,178176,87,0.0003,1.5519263587892056,0.008375615,0.2,0.3150964379310608,-1.6397624596953393,0.050927734375,-0.004292595968581736,860,0.5750974416732788
62,879.51,2875,103.54737753999999,180224,88,0.0003,1.40101632848382,0.009560653,0.2,0.23155224323272705,-1.6296610832214355,0.072705078125,-0.00673171509988606,870,0.6328471899032593
62,879.76,2906,103.77321669999999,182272,89,0.0003,1.2057998187839984,0.010196079,0.2,0.31902480125427246,-1.6188689962029457,0.066015625,-0.002126064500771463,880,0.5448333621025085
62,879.77,2939,103.95730248,184320,90,0.0003,1.1880076088011264,0.0054996805,0.2,0.4469994902610779,-1.5867564409971238,0.03564453125,6.879714783281088e-06,890,0.5832465887069702
62,879.61,2973,104.03271224000002,186368,91,0.0003,1.2782364465296268,0.008969165,0.2,0.2321435809135437,-1.6432762190699577,0.06025390625,-0.005247585067991167,900,0.4931902289390564
62,879.5,3007,104.11772251000002,188416,92,0.0003,1.2788578912615776,0.01186366,0.2,0.22613763809204102,-1.6831499755382537,0.1130859375,-0.006817920203320682,910,0.6238755583763123
62,879.27,3041,104.16825163999998,190464,93,0.0003,1.5443311542272569,0.011453807,0.2,0.2806278467178345,-1.6284954309463502,0.12841796875,-0.007925851258914918,920,0.5022693872451782
62,879.32,3073,104.24069613999998,192512,94,0.0003,1.3849949687719345,0.011910006,0.2,0.29936832189559937,-1.6263157263398171,0.065869140625,-0.004492110409773886,930,0.5491119623184204
62,878.95,3107,104.27552727,194560,95,0.0003,1.1396267369389534,0.011335749,0.2,0.35383665561676025,-1.6628283143043519,0.09873046875,-0.006306200084509328,940,0.38678792119026184
62,878.96,3140,104.46108891,196608,96,0.0003,1.393170101940632,0.011124311,0.2,0.19028925895690918,-1.619299830496311,0.112109375,-0.005990211578318849,950,0.5472989678382874
62,878.84,3173,104.45893625,198656,97,0.0003,1.3116167962551117,0.009115251,0.2,0.22146838903427124,-1.6270594835281371,0.06533203125,-0.002992353826994076,960,0.5818945169448853
62,878.73,3204,104.60379004999999,200704,98,0.0003,1.373440707474947,0.009211654,0.2,0.24234116077423096,-1.6218558326363564,0.08056640625,-0.0049868894799146805,970,0.8166065216064453
62,878.69,3241,104.61087304,202752,99,0.0003,1.3989416725933552,0.009470028,0.2,0.3282157778739929,-1.596651841700077,0.092626953125,-0.007589581026695669,980,0.6088934540748596
62,878.6,3272,104.62455028000001,204800,100,0.0003,1.0834854945540429,0.01001985,0.2,0.33040308952331543,-1.6269494846463204,0.069580078125,-0.0025031033670529722,990,0.4020662009716034
62,878.5,3307,104.69081300000002,206848,101,0.0003,1.231615349650383,0.008655611,0.2,0.34253019094467163,-1.5999820455908775,0.062646484375,-0.004820047522662208,1000,0.4923769533634186
62,878.46,3342,104.83223520000001,208896,102,0.0003,1.394099049270153,0.0082750395,0.2,0.34554165601730347,-1.6357194498181342,0.06533203125,-0.005327080516144634,1010,0.5594723224639893
62,878.37,3376,104.99468718999998,210944,103,0.0003,1.3328170008957385,0.010042824,0.2,0.29440397024154663,-1.5806932315230369,0.0775390625,-0.005890753917628899,1020,0.7710304260253906
62,878.55,3408,105.18354802,212992,104,0.0003,1.2682527273893356,0.0068326304,0.2,0.429638147354126,-1.6005766540765762,0.03564453125,-0.003219264990184456,1030,0.5888408422470093
62,878.45,3440,105.29730344,215040,105,0.0003,1.5190236121416092,0.0064020306,0.2,0.42264246940612793,-1.6211803019046784,0.046435546875,-0.002234870649408549,1040,0.6646613478660583
62,878.39,3472,105.30640667,217088,106,0.0003,1.3435513377189636,0.007314449,0.2,0.45315784215927124,-1.6147622525691987,0.0544921875,-0.003200656225089915,1050,0.5123792886734009
62,878.1,3505,105.38339373999999,219136,107,0.0003,1.4016558185219765,0.010175537,0.2,0.2970476746559143,-1.5777397453784943,0.082275390625,-0.005818216869374737,1060,0.7099146246910095
62,878.08,3539,105.36575248999999,221184,108,0.0003,1.3391553230583668,0.010254921,0.2,0.27329832315444946,-1.6065285220742225,0.09189453125,-0.00599309029057622,1070,0.6157569289207458
62,877.96,3570,105.44909498999999,223232,109,0.0003,1.2790508076548577,0.01102318,0.2,0.23044079542160034,-1.593899928033352,0.056591796875,-0.001988254487514496,1080,0.3812849521636963
62,878.12,3603,105.56951908,225280,110,0.0003,1.3934317961335183,0.0113001065,0.2,0.17769789695739746,-1.564438697695732,0.127783203125,-0.008601077541243285,1090,0.694818377494812
62,877.81,3637,105.53195209999998,227328,111,0.0003,1.5709880754351615,0.0070046997,0.2,0.34024369716644287,-1.6060178130865097,0.050244140625,-0.0030702429823577402,1100,0.7788437008857727
62,877.88,3669,105.67448624000001,229376,112,0.0003,1.1864867120981217,0.010867363,0.2,0.47260862588882446,-1.5942446917295456,0.084375,-0.005831637512892484,1110,0.5671667456626892
62,877.99,3702,105.95472526000002,231424,113,0.0003,1.3190682224929333,0.009710256,0.2,0.10696297883987427,-1.5921969264745712,0.0861328125,-0.007265732839005068,1120,0.6631472110748291
62,878.22,3741,105.93966191000001,233472,114,0.0003,1.5616669625043869,0.009080959,0.2,0.3292732238769531,-1.5338688924908639,0.066015625,-0.0028623640013393016,1130,0.49156099557876587
62,878.09,3775,105.87416332,235520,115,0.0003,1.2977630533277988,0.010735342,0.2,0.2727484703063965,-1.5175751343369484,0.085107421875,-0.007560670300154016,1140,0.4809414744377136
62,877.9,3810,105.91500618,237568,116,0.0003,1.1458024077117444,0.0081405,0.2,0.28802740573883057,-1.5400655254721642,0.072998046875,-0.006107117561623454,1150,0.47878289222717285
62,877.96,3843,105.91458125,239616,117,0.0003,1.434744333475828,0.009954844,0.2,0.3359699845314026,-1.494249676167965,0.08505859375,-0.00693459493923001,1160,0.5412948727607727
62,877.94,3877,105.97913442,241664,118,0.0003,1.2556909553706646,0.015077796,0.2,0.3187016248703003,-1.5393586114048958,0.10234375,-0.0042058936785906555,1170,0.3722147047519684
62,878.2,3912,106.05242156000003,243712,119,0.0003,1.1948093473911285,0.008290074,0.2,0.26830732822418213,-1.5240450397133827,0.072216796875,-0.007490224903449416,1180,0.5944017171859741
62,878.49,3947,106.08785583999999,245760,120,0.0003,1.4097627729177475,0.010917363,0.2,0.3599696159362793,-1.5110163927078246,0.0837890625,-0.004766118252882734,1190,0.4826478660106659
62,878.34,3979,105.93498489,247808,121,0.0003,1.2951581433415413,0.009637831,0.2,0.25416427850723267,-1.4811111837625504,0.076318359375,-0.0039263509126612915,1200,0.4869590997695923
62,878.36,4012,106.09289117000002,249856,122,0.0003,1.2858703695237637,0.0078611765,0.2,0.3648909330368042,-1.524001695215702,0.088720703125,-0.006269873396377079,1210,0.7675299644470215
62,878.48,4044,106.16010149000002,251904,123,0.0003,1.7699222296476365,0.009922936,0.2,0.28110867738723755,-1.4913489863276481,0.083349609375,-0.0024708525801543147,1220,0.6818922162055969
62,878.47,4077,106.23476751999999,253952,124,0.0003,1.2340672627091407,0.011291515,0.2,0.28550851345062256,-1.4345050945878028,0.11640625,-0.008712475007632748,1230,0.6938797235488892
62,878.28,4110,106.32903155999999,256000,125,0.0003,0.968450515717268,0.007886534,0.2,0.2613610625267029,-1.4088042289018632,0.07451171875,-0.00427554736379534,1240,0.33025357127189636
62,878.35,4143,106.52807358,258048,126,0.0003,1.2151650935411453,0.010942829,0.2,0.40672439336776733,-1.4094431489706039,0.06611328125,-0.003626358846668154,1250,0.46992287039756775
62,878.1,4176,106.44380926,260096,127,0.0003,1.327124287933111,0.007147017,0.2,0.3185805082321167,-1.3672473832964898,0.061962890625,-0.004432203000760637,1260,0.6075009107589722
62,877.93,4209,106.45521616999999,262144,128,0.0003,1.179503498226404,0.009849533,0.2,0.3759646415710449,-1.3842906638979913,0.086572265625,-0.008467302768258378,1270,0.4279944896697998
62,877.96,4242,106.62735908,264192,129,0.0003,1.3778918825089932,0.008139011,0.2,0.34618282318115234,-1.3697778478264808,0.07890625,-0.007905174384359271,1280,0.5373537540435791
62,878.01,4274,106.57521225999999,266240,130,0.0003,1.2340876407921315,0.0069359127,0.2,0.37630510330200195,-1.3806282848119735,0.063916015625,-0.006088707537855953,1290,0.5201841592788696
62,877.76,4306,106.59010881,268288,131,0.0003,1.2996171176433564,0.0078089666,0.2,0.27653825283050537,-1.348051205277443,0.080078125,-0.0049320419610012324,1300,0.6812851428985596
62,877.69,4338,106.67049068,270336,132,0.0003,1.4209257155656814,0.008101035,0.2,0.3732396364212036,-1.357768400013447,0.07705078125,-0.003630572691326961,1310,0.6713764667510986
62,877.6,4371,106.78964876,272384,133,0.0003,1.0690425582230092,0.006884266,0.2,0.3643319606781006,-1.3564217031002044,0.068212890625,-0.004933914070716128,1320,0.4491589367389679
62,877.43,4403,106.72806394999999,274432,134,0.0003,1.2504968725144863,0.0077353464,0.2,0.38786959648132324,-1.3899364680051804,0.050341796875,-0.006828209472587332,1330,0.3792078495025635
62,877.35,4437,106.76670978,276480,135,0.0003,1.231797108054161,0.010687039,0.2,0.5151897668838501,-1.380467803776264,0.069580078125,-0.005409889784641564,1340,0.4650075137615204
62,877.41,4469,106.77706752000002,278528,136,0.0003,1.4379505962133408,0.008091828,0.2,0.3197038769721985,-1.3784728094935417,0.0654296875,-0.0071001676842570305,1350,0.5006437301635742
62,877.24,4502,106.81290848,280576,137,0.0003,1.062264695763588,0.007547134,0.2,0.40465617179870605,-1.4162103146314622,0.05712890625,-0.0046698425547219815,1360,0.6397150158882141
62,877.08,4536,106.78838076000002,282624,138,0.0003,1.6108138799667358,0.008805909,0.2,0.2980917692184448,-1.406019914150238,0.065625,-0.00502180855255574,1370,0.640762448310852
62,877.22,4569,106.6293616,284672,139,0.0003,1.2964146114885806,0.010196747,0.2,0.3970438838005066,-1.4200688749551773,0.0927734375,-0.007690156297758222,1380,0.5688501596450806
62,877.02,4602,106.60353080999998,286720,140,0.0003,1.138091340661049,0.009310223,0.2,0.37465721368789673,-1.4524081766605377,0.06953125,-0.0040843836381100115,1390,0.6072646379470825
62,877.21,4635,106.55259924999997,288768,141,0.0003,1.5593845307826997,0.0077554015,0.2,0.3952562212944031,-1.4849729984998703,0.066796875,-0.0054785944521427155,1400,0.5841065049171448
62,877.4,4667,106.53146792,290816,142,0.0003,1.1321999683976174,0.007652254,0.2,0.48833441734313965,-1.42095927298069,0.093359375,-0.008988940104609355,1410,0.6076815128326416
62,877.64,4699,106.71720619000001,292864,143,0.0003,1.1988118574023248,0.007970317,0.2,0.38738369941711426,-1.4589670166373252,0.082275390625,-0.009762232238426805,1420,0.4801289141178131
62,877.68,4732,106.79098264,294912,144,0.0003,1.2689985364675522,0.009230456,0.2,0.48287826776504517,-1.4904600113630295,0.076416015625,-0.006622142932610586,1430,0.5530678629875183
62,877.97,4765,106.82452030999998,296960,145,0.0003,1.3497503221035003,0.010996735,0.2,0.3471454381942749,-1.452341841161251,0.10654296875,-0.0066648056264966725,1440,0.6769053936004639
62,877.96,4797,106.75258878000002,299008,146,0.0003,1.1560210175812244,0.00723348,0.2,0.4744790196418762,-1.4183659493923186,0.05830078125,-0.006887343287235126,1450,0.5837991237640381
62,878.1,4829,106.70053347000001,301056,147,0.0003,1.5380684673786162,0.0069824327,0.2,0.3352237343788147,-1.4540281504392625,0.03984375,-0.003896363655803725,1460,0.6313921809196472
62,877.91,4862,106.65809649,303104,148,0.0003,1.2181674383580685,0.0065495833,0.2,0.3706352114677429,-1.3867723539471626,0.052490234375,-0.0035763703286647796,1470,0.5339021682739258
62,877.86,4894,106.61547417,305152,149,0.0003,0.9740311920642852,0.009980759,0.2,0.4862315058708191,-1.402595156431198,0.092333984375,-0.006435186439193785,1480,0.3590092062950134
62,878.03,4926,106.73725897,307200,150,0.0003,1.423043966293335,0.009346514,0.2,0.3816641569137573,-1.3860796973109246,0.075634765625,-0.006200094116502441,1490,0.5375521183013916
62,877.92,4959,106.78688779000002,309248,151,0.0003,1.296857976913452,0.007028297,0.2,0.46084845066070557,-1.3515909984707832,0.0419921875,-0.0052062507253140215,1500,0.605161726474762
62,878.12,4992,106.89474230999998,311296,152,0.0003,1.3762319706380368,0.008259898,0.2,0.17736691236495972,-1.3453667774796485,0.067919921875,-0.004272456219769083,1510,0.5771926045417786
62,878.02,5026,106.77349328,313344,153,0.0003,1.5191444367170335,0.0075063696,0.2,0.453260600566864,-1.3643420457839965,0.0609375,-0.0060544553271029145,1520,0.6010125875473022
62,878.19,5059,106.85955890999999,315392,154,0.0003,1.2707329653203487,0.00848965,0.2,0.298167884349823,-1.3447429478168487,0.073095703125,-0.005879282968817279,1530,0.39997032284736633
62,877.99,5092,106.83599158000001,317440,155,0.0003,1.0655000299215316,0.00905008,0.2,0.4982203245162964,-1.3460876122117043,0.063720703125,-0.004408412665361539,1540,0.6892135739326477
62,878.01,5124,106.83155655,319488,156,0.0003,1.4843377865850926,0.0071546594,0.2,0.3456251621246338,-1.3449042603373527,0.060205078125,-0.0030647520499769597,1550,0.7030099630355835
62,877.84,5159,106.88193271,321536,157,0.0003,1.3257733434438705,0.0038519292,0.2,0.37494856119155884,-1.3398826822638512,0.025244140625,-0.003085183270741254,1560,0.5490045547485352
62,877.83,5191,107.06543192999999,323584,158,0.0003,1.142028994858265,0.0075040734,0.2,0.40244871377944946,-1.3705740302801133,0.05927734375,-0.006490356085123494,1570,0.4634990096092224
62,878.07,5223,107.05539634,325632,159,0.0003,1.3659172929823398,0.0077112066,0.2,0.4151872992515564,-1.3777142733335495,0.071142578125,-0.00628443366731517,1580,0.47599318623542786
62,877.96,5255,107.00824554,327680,160,0.0003,1.2351962216198444,0.014363419,0.2,0.4570651054382324,-1.358182653784752,0.105810546875,-0.009261030639754609,1590,0.515396773815155
62,877.86,5286,107.08294717999999,329728,161,0.0003,1.1262203454971313,0.008228695,0.2,0.47027361392974854,-1.3519110575318336,0.071533203125,-0.005758197559043765,1600,0.4119380712509155
62,877.68,5319,107.04132684,331776,162,0.0003,1.4223628595471383,0.008174948,0.2,0.44620728492736816,-1.3014777049422264,0.0755859375,-0.004858894820790738,1610,0.5942479968070984
62,877.55,5350,107.09760626,333824,163,0.0003,1.4626940183341504,0.0052191336,0.2,0.2941057085990906,-1.3000920176506043,0.0353515625,-0.002981133235152811,1620,0.6828981041908264
62,877.52,5381,107.13398828999999,335872,164,0.0003,1.2755253531038762,0.0066929497,0.2,0.46598267555236816,-1.3072015002369881,0.040283203125,-0.003869715775363147,1630,0.4961194097995758
62,877.56,5414,107.16474111000001,337920,165,0.0003,1.365075808018446,0.006116824,0.2,0.4860578775405884,-1.3004772126674653,0.0455078125,-0.0037595063913613558,1640,0.6967805027961731
62,877.32,5448,107.17194280999998,339968,166,0.0003,1.1142501004040242,0.0061265933,0.2,0.5079548060894012,-1.2694177463650704,0.043505859375,-0.004566045646788553,1650,0.5221225619316101
62,877.36,5480,107.10083943000001,342016,167,0.0003,1.2235918909311294,0.0075896503,0.2,0.3765873312950134,-1.2525611743330956,0.072705078125,-0.006070054444717243,1660,0.3999170958995819
62,877.31,5510,107.04675218,344064,168,0.0003,1.304321300983429,0.0052542062,0.2,0.4663922190666199,-1.2328828632831574,0.0349609375,-0.004624025884550065,1670,0.4877847135066986
62,877.48,5543,106.92393131,346112,169,0.0003,1.4531256966292858,0.0062553557,0.2,0.4088960886001587,-1.2323327302932738,0.051904296875,-0.005901576642645523,1680,0.6336405277252197
62,877.67,5575,107.07858454000001,348160,170,0.0003,1.3898798286914826,0.0072262944,0.2,0.45514583587646484,-1.262122406065464,0.073388671875,-0.005565171770285815,1690,0.4547090232372284
62,877.55,5609,107.06538586999999,350208,171,0.0003,1.286663005501032,0.008111491,0.2,0.5256995558738708,-1.2120109409093858,0.0888671875,-0.008002090267837048,1700,0.515350878238678
62,877.88,5641,107.07868145999998,352256,172,0.0003,1.22162354439497,0.0059494716,0.2,0.37348824739456177,-1.1656182914972306,0.049365234375,-0.004931879101786762,1710,0.7265446186065674
62,878.03,5676,107.10668003999999,354304,173,0.0003,0.9803337164223194,0.009437434,0.2,0.4098394513130188,-1.1530051454901695,0.068212890625,-0.004901650419924408,1720,0.32546988129615784
62,877.87,5710,107.08247840999996,356352,174,0.0003,1.3838170066475868,0.0068958187,0.2,0.47360801696777344,-1.1137087017297744,0.049609375,-0.0035202670434955506,1730,0.5904319286346436
62,877.98,5746,107.08065366999999,358400,175,0.0003,1.2209348253905774,0.0063191606,0.2,0.4508354067802429,-1.142584440112114,0.0513671875,-0.004256849037483334,1740,0.664544403553009
62,878.28,5779,107.02426797000003,360448,176,0.0003,1.1784412682056427,0.0069988184,0.2,0.45908600091934204,-1.1445850819349288,0.05361328125,-0.004349060379900039,1750,0.5365596413612366
62,878.25,5812,106.98476752000002,362496,177,0.0003,1.1760704286396504,0.0052412134,0.2,0.5568108856678009,-1.195990301668644,0.040966796875,-0.004955827258527279,1760,0.5915964841842651
62,878.3,5845,106.99121202,364544,178,0.0003,1.538863444328308,0.007047627,0.2,0.310349702835083,-1.1740790262818337,0.055859375,-0.006133613525889814,1770,0.5777345895767212
62,878.38,5879,107.04813927999997,366592,179,0.0003,1.1625240303575992,0.0069026602,0.2,0.4066064953804016,-1.1286646232008934,0.055078125,-0.0020301243697758765,1780,0.5299301147460938
62,878.34,5912,107.14257222999997,368640,180,0.0003,1.3788469567894936,0.008327325,0.2,0.4844990372657776,-1.1137756302952766,0.068505859375,-0.006391069572418928,1790,0.7355050444602966
62,878.53,5943,107.21887910999997,370688,181,0.0003,1.3528659760951995,0.010223208,0.2,0.33987969160079956,-1.1042372301220893,0.105078125,-0.007833273120922968,1800,0.5719404220581055
62,878.58,5975,107.48050721999998,372736,182,0.0003,1.2874142862856388,0.008161577,0.2,0.3949451446533203,-1.1126510173082351,0.076416015625,-0.005457109434064478,1810,0.5865593552589417
62,878.74,6006,107.62132212,374784,183,0.0003,1.3878085628151893,0.0073552188,0.2,0.3870324492454529,-1.1003336310386658,0.054296875,-0.004845042846864089,1820,0.8417934775352478
62,878.67,6039,107.71303408,376832,184,0.0003,1.222958541661501,0.006046,0.2,0.36533665657043457,-1.0648114450275898,0.058349609375,-0.004513197127380408,1830,0.4108692407608032
62,878.47,6070,107.79317357000002,378880,185,0.0003,0.9737140081822873,0.0064770496,0.2,0.5208066999912262,-1.0873277381062507,0.042041015625,-0.003014480019919574,1840,0.4729346036911011
62,878.14,6103,107.76184864999999,380928,186,0.0003,1.3136820025742053,0.0068402616,0.2,0.5913231670856476,-1.0993933960795403,0.04521484375,-0.004002968670101836,1850,0.6481277942657471
62,878.28,6136,107.78827756999999,382976,187,0.0003,1.2584757216274738,0.0068035703,0.2,0.45457231998443604,-1.055736216902733,0.05263671875,-0.004159768327372149,1860,0.47973379492759705
62,878.34,6169,107.96322715000002,385024,188,0.0003,1.1903881005942822,0.005013467,0.2,0.5201692283153534,-1.0744276627898217,0.032861328125,-0.0029885339841712265,1870,0.5455477833747864
62,878.04,6202,107.89532801,387072,189,0.0003,1.4322864800691604,0.0058713863,0.2,0.39603525400161743,-1.0618979968130589,0.04755859375,-0.003738111170241609,1880,0.5932741165161133
62,877.95,6233,108.01519443999997,389120,190,0.0003,1.290316218137741,0.006636981,0.2,0.47330141067504883,-1.0426680408418179,0.041162109375,-0.00557578744192142,1890,0.456991583108902
62,878.47,6265,108.24129793,391168,191,0.0003,1.1127412915229797,0.0072058295,0.2,0.3975168466567993,-1.0870288759469986,0.067822265625,-0.0052945165196433665,1900,0.46194735169410706
62,878.56,6298,108.37717636,393216,192,0.0003,1.3466206803917884,0.009617526,0.2,0.5201822817325592,-1.116961546242237,0.068505859375,-0.006319710129173472,1910,0.5219318866729736
62,878.51,6333,108.30972118000001,395264,193,0.0003,1.1841137737035752,0.008482783,0.2,0.5259763896465302,-1.1343531966209413,0.051513671875,-0.003600853803800419,1920,0.42314159870147705
62,878.49,6370,108.23920539000001,397312,194,0.0003,1.3013266898691653,0.011037533,0.2,0.24281460046768188,-1.1617631584405899,0.105859375,-0.006922530406154692,1930,0.5305060148239136
62,878.52,6404,108.25827229999999,399360,195,0.0003,1.29754483923316,0.010669488,0.2,0.4535468816757202,-1.1789441227912902,0.105517578125,-0.007099403254687786,1940,0.4895152151584625
62,878.42,6436,108.23573291999999,401408,196,0.0003,1.0907320715487003,0.0074098627,0.2,0.505460649728775,-1.153110060095787,0.070849609375,-0.004528296063654125,1950,0.47063660621643066
62,878.72,6471,108.42833689,403456,197,0.0003,1.1048716269433498,0.0084266,0.2,0.37277835607528687,-1.1416907593607903,0.07021484375,-0.005250385956605897,1960,0.35627302527427673
62,878.67,6504,108.27010851000001,405504,198,0.0003,1.2395976856350899,0.007888767,0.2,0.4733240008354187,-1.1499436631798745,0.052783203125,-0.00377956866286695,1970,0.43693608045578003
62,878.52,6537,108.32075332000001,407552,199,0.0003,1.074437853693962,0.008516531,0.2,0.5494157671928406,-1.1629413858056068,0.0556640625,-0.004437070374842733,1980,0.3653109669685364
62,878.53,6569,108.26694679,409600,200,0.0003,1.12802267447114,0.009570141,0.2,0.4867445230484009,-1.0932260736823083,0.084423828125,-0.0050513552967458965,1990,0.5780001878738403
62,878.52,6604,108.26300076999998,411648,201,0.0003,1.523489697277546,0.0077315704,0.2,0.5936970412731171,-1.129090578854084,0.063134765625,-0.001468060864135623,2000,0.5514699220657349
62,878.51,6636,108.29165202999998,413696,202,0.0003,1.223311859369278,0.010138977,0.2,0.4502534866333008,-1.1258002489805221,0.080615234375,-0.0038709443295374514,2010,0.5106159448623657
62,878.49,6671,108.40172081,415744,203,0.0003,1.130304440110922,0.008736223,0.2,0.5312359631061554,-1.099454255402088,0.076904296875,-0.005883885087678209,2020,0.6144139170646667
62,878.73,6707,108.43031452,417792,204,0.0003,1.4939635269343854,0.010333984,0.2,0.5444277226924896,-1.1244035899639129,0.077001953125,-0.008335486007854342,2030,0.8748751878738403
62,878.77,6741,108.51565413000002,419840,205,0.0003,1.2640691563487052,0.005611568,0.2,0.44393038749694824,-1.1284497424960136,0.03564453125,-0.004919118201360107,2040,0.5556422472000122
62,878.89,6776,108.47161747,421888,206,0.0003,1.0017024166882038,0.0075335633,0.2,0.5086582899093628,-1.1850221127271652,0.050732421875,-0.0036024466797243805,2050,0.4026825428009033
62,878.78,6809,108.47020836000002,423936,207,0.0003,1.4139197401702404,0.007511524,0.2,0.5523988306522369,-1.2234451994299889,0.06767578125,-0.0046672000316902995,2060,0.4782264232635498
62,878.91,6841,108.41674324000002,425984,208,0.0003,1.0989299565553665,0.008857061,0.2,0.43157655000686646,-1.225994534790516,0.0681640625,-0.004344204044900835,2070,0.4267834722995758
62,878.66,6873,108.37028167999999,428032,209,0.0003,1.2249040074646473,0.005879109,0.2,0.4585798978805542,-1.1910233527421952,0.06171875,-0.0033082992973504587,2080,0.6245242953300476
62,878.72,6910,108.45194251,430080,210,0.0003,1.3694726154208183,0.008665611,0.2,0.5342749357223511,-1.1866834536194801,0.082470703125,-0.007806450995849446,2090,0.589644730091095
62,878.73,6945,108.43912057999997,432128,211,0.0003,1.2599422670900822,0.00809332,0.2,0.5111596882343292,-1.1833350479602813,0.056884765625,-0.005044336622813716,2100,0.5566455721855164
62,878.68,6979,108.46155954,434176,212,0.0003,1.2867834344506264,0.007334361,0.2,0.5182325839996338,-1.2241258814930915,0.06806640625,-0.006125920766498894,2110,0.5890371799468994
62,878.64,7012,108.39646967,436224,213,0.0003,1.2539438165724277,0.007039841,0.2,0.5633192360401154,-1.2646200627088546,0.073828125,-0.004404963855631649,2120,0.4958513379096985
62,878.7,7045,108.39050775,438272,214,0.0003,1.28256369009614,0.010167773,0.2,0.36641812324523926,-1.220118808746338,0.08515625,-0.006935233867261558,2130,0.5468721389770508
62,878.49,7079,108.40892244999999,440320,215,0.0003,1.1921709969639778,0.010293141,0.2,0.4574931263923645,-1.2438198760151864,0.080078125,-0.008476551942294464,2140,0.45786771178245544
62,878.43,7112,108.41813959000001,442368,216,0.0003,1.3815636917948724,0.0076800897,0.2,0.49541735649108887,-1.3238761276006699,0.0525390625,-0.005088693834841252,2150,0.5511096715927124
62,878.77,7145,108.52440384000002,444416,217,0.0003,1.187561136484146,0.009341719,0.2,0.4678102731704712,-1.297669093310833,0.078466796875,-0.005393115570768714,2160,0.4386480748653412
62,878.78,7178,108.47245398999999,446464,218,0.0003,1.0717115826904773,0.006519557,0.2,0.5463596284389496,-1.3178618475794792,0.062158203125,-0.0046131744456943125,2170,0.4971155822277069
62,878.78,7210,108.53840528,448512,219,0.0003,1.3641475968062877,0.009471111,0.2,0.5152117311954498,-1.3145213648676872,0.074365234375,-0.0036508008895907553,2180,0.5521342754364014
62,878.87,7246,108.52621315999998,450560,220,0.0003,1.163019623607397,0.012823811,0.2,0.3750038146972656,-1.3079543709754944,0.097705078125,-0.0049811357981525365,2190,0.4439461827278137
62,878.86,7282,108.40743885,452608,221,0.0003,1.0511247359216214,0.008479513,0.2,0.41441988945007324,-1.256907220184803,0.060546875,-0.0058397616201546045,2200,0.46999990940093994
62,879.14,7314,108.41657585000002,454656,222,0.0003,1.3985928185284138,0.007989759,0.2,0.4416753053665161,-1.2850845649838447,0.077490234375,-0.005792928405571729,2210,0.7434413433074951
62,879.31,7347,108.35202337000001,456704,223,0.0003,1.1449221462011336,0.008461595,0.2,0.36934030055999756,-1.2830375716090203,0.0693359375,-0.007453293865546584,2220,0.44120919704437256
62,879.44,7378,108.32273184,458752,224,0.0003,1.0695874467492104,0.009129152,0.2,0.2498232126235962,-1.2890778586268425,0.07880859375,-0.0075062480056658385,2230,0.39494121074676514
62,879.52,7410,108.13557968999997,460800,225,0.0003,0.9079626746475696,0.0076476284,0.2,0.4956033229827881,-1.318302609026432,0.068896484375,-0.005787973414408043,2240,0.30323994159698486
62,879.59,7441,108.09853804000001,462848,226,0.0003,1.3338666543364526,0.0063887686,0.2,0.5527091920375824,-1.3293385416269303,0.038330078125,-0.005204150197096169,2250,0.5686671733856201
62,879.47,7474,108.00117954,464896,227,0.0003,1.414175993204117,0.008662418,0.2,0.49295806884765625,-1.3246201291680335,0.06328125,-0.006959078484214842,2260,0.723918616771698
62,879.48,7507,107.88302039000001,466944,228,0.0003,1.0190221883356572,0.007861789,0.2,0.5530824363231659,-1.3865360274910927,0.072412109375,-0.005982959357788786,2270,0.4061005413532257
62,879.6,7541,107.83803161,468992,229,0.0003,1.3939822807908058,0.008826741,0.2,0.4740590453147888,-1.418962799012661,0.05625,-0.0048367929412052035,2280,0.5563390254974365
62,879.61,7575,107.85433060999998,471040,230,0.0003,1.042248697578907,0.009797901,0.2,0.5266209244728088,-1.3775592148303986,0.06650390625,-0.004916744923684746,2290,0.3452361524105072
62,879.55,7607,107.70537850000001,473088,231,0.0003,1.0351950526237488,0.010583222,0.2,0.4672345519065857,-1.4247933372855186,0.068505859375,-0.004449929133988917,2300,0.33823952078819275
62,880.05,7641,107.74096002,475136,232,0.0003,1.4214667409658432,0.006819353,0.2,0.5323920547962189,-1.4169344678521156,0.054931640625,-0.003935094567714259,2310,0.459913969039917
62,880.02,7673,107.64097431000002,477184,233,0.0003,1.188172136247158,0.01110913,0.2,0.4216165542602539,-1.439761258661747,0.09423828125,-0.005998646392254159,2320,0.42687278985977173
62,879.73,7705,107.46724446999998,479232,234,0.0003,1.0405145421624185,0.008772662,0.2,0.43853265047073364,-1.4254394546151161,0.078466796875,-0.005980441317660734,2330,0.5205503702163696
62,879.58,7737,107.37316922999997,481280,235,0.0003,1.4855974070727824,0.008000212,0.2,0.4844760298728943,-1.4387703120708466,0.074755859375,-0.005064076842973009,2340,0.7410306334495544
62,879.8,7769,107.33604049999998,483328,236,0.0003,0.9815646938979625,0.011211392,0.2,0.47617214918136597,-1.4294312417507171,0.079150390625,-0.004973374516703188,2350,0.3063332140445709
62,879.88,7801,107.30461015,485376,237,0.0003,0.9786859795451164,0.010720322,0.2,0.5137535333633423,-1.4582864582538604,0.082275390625,-0.007295104453805834,2360,0.3234977424144745
62,879.77,7834,107.30474096,487424,238,0.0003,1.548284400999546,0.0070462795,0.2,0.5378345251083374,-1.4372383490204812,0.0572265625,-0.004821504402207211,2370,0.7155163288116455
62,879.77,7865,107.32490433,489472,239,0.0003,1.1661570206284524,0.0086720735,0.2,0.47729283571243286,-1.3757842540740968,0.091650390625,-0.004289912851527333,2380,0.4306744933128357
62,880.04,7898,107.21339686999998,491520,240,0.0003,1.1659135319292546,0.009070423,0.2,0.37360846996307373,-1.4082291424274445,0.075927734375,-0.006169954553479328,2390,0.5552275776863098
62,880.22,7931,107.29436495999998,493568,241,0.0003,1.2458853259682656,0.006350039,0.2,0.39483439922332764,-1.4411960422992707,0.081201171875,-0.0060031298373360185,2400,0.450267493724823
62,880.6,7964,107.27153464999998,495616,242,0.0003,1.1148695915937423,0.009321934,0.2,0.5019851922988892,-1.3821488961577415,0.07109375,-0.007298683177214116,2410,0.3753974437713623
62,880.92,7997,107.29925341000002,497664,243,0.0003,1.213167230039835,0.0056503704,0.2,0.4775038957595825,-1.3943448901176452,0.0396484375,-0.0023237248358782383,2420,0.44033318758010864
62,880.92,8029,107.29693071000001,499712,244,0.0003,1.464524221420288,0.0073052794,0.2,0.5816833972930908,-1.4013385325670242,0.05478515625,-0.0054061279515735805,2430,0.7403779625892639
62,880.71,8061,107.22145661999998,501760,245,0.0003,1.1786287687718868,0.01260418,0.2,0.4892162084579468,-1.4201129525899887,0.09189453125,-0.007472800428513437,2440,0.9048412442207336
62,881.0,8094,107.19985959000002,503808,246,0.0003,1.0128773793578147,0.0106361415,0.2,0.47919684648513794,-1.3990452364087105,0.09365234375,-0.006761734106112272,2450,0.3329553008079529
62,880.99,8126,107.27522133999999,505856,247,0.0003,1.2897209405899048,0.00829635,0.2,0.5259032547473907,-1.409378355741501,0.071923828125,-0.00591035500401631,2460,0.4464408755302429
62,881.24,8158,107.36151992,507904,248,0.0003,1.2094497002661229,0.010684565,0.2,0.37785911560058594,-1.3799285247921944,0.103125,-0.007158999727107584,2470,0.461449533700943
62,881.47,8194,107.49169328999999,509952,249,0.0003,1.274377553910017,0.008224602,0.2,0.42464154958724976,-1.3668190985918045,0.069482421875,-0.006009071198059246,2480,0.62229323387146
62,881.71,8226,107.52024483,512000,250,0.0003,1.0262331262230873,0.008877036,0.2,0.42673754692077637,-1.349044670164585,0.093994140625,-0.0061031606222968545,2490,0.37621721625328064
62,881.62,8260,107.51863046,514048,251,0.0003,1.4208349369466304,0.0072687734,0.2,0.5479844510555267,-1.3253629460930825,0.064306640625,-0.004677728627575562,2500,0.5712496042251587
62,881.74,8294,107.56046334000001,516096,252,0.0003,1.2486214756965637,0.010857023,0.2,0.500328779220581,-1.2641901552677155,0.10087890625,-0.008198233332950621,2510,0.44480010867118835
62,881.97,8327,107.59155502,518144,253,0.0003,1.1704891361296177,0.008381354,0.2,0.4272528886795044,-1.2719848111271859,0.08916015625,-0.005979475483763963,2520,0.4085792899131775
62,882.01,8360,107.53682182,520192,254,0.0003,1.233814039081335,0.009249466,0.2,0.5344507992267609,-1.2580958738923074,0.07587890625,-0.005849746428430081,2530,0.5157274603843689
62,882.1,8393,107.65481261999999,522240,255,0.0003,1.2421400472521782,0.009287104,0.2,0.495783269405365,-1.2478543683886527,0.08623046875,-0.007385220105061307,2540,0.40894895792007446
62,882.63,8427,107.8539784,524288,256,0.0003,1.198912588506937,0.008393228,0.2,0.5047852098941803,-1.2650690481066704,0.06474609375,-0.00606455464148894,2550,0.41258904337882996
62,882.82,8459,107.93244311000002,526336,257,0.0003,1.3654274448752404,0.006812744,0.2,0.5638967454433441,-1.307844865322113,0.046337890625,-0.0038827615848276765,2560,0.4369865655899048
62,883.14,8491,107.93090579,528384,258,0.0003,1.1531917698681355,0.0062067155,0.2,0.5030712485313416,-1.2690001294016837,0.041748046875,-0.004115518715116196,2570,0.5081031918525696
62,883.68,8525,107.97453335999998,530432,259,0.0003,1.2036810338497161,0.008586526,0.2,0.40016162395477295,-1.2695194840431214,0.065771484375,-0.006249852606561035,2580,0.6586157083511353
62,883.85,8556,108.02175294,532480,260,0.0003,1.4281525149941445,0.0060657687,0.2,0.5237756073474884,-1.3131315857172012,0.04384765625,-0.002554686035728082,2590,0.5611441135406494
62,884.15,8588,108.13202052999999,534528,261,0.0003,1.37626191675663,0.01145439,0.2,0.4182100296020508,-1.2650578290224075,0.09892578125,-0.006313208601204679,2600,0.7044205069541931
62,884.27,8621,108.24552102,536576,262,0.0003,1.1041970185935497,0.0065153297,0.2,0.5125994980335236,-1.2403848633170127,0.054443359375,-0.0038847820658702405,2610,0.4476051926612854
62,884.83,8654,108.41976970999998,538624,263,0.0003,1.1074505612254142,0.011037596,0.2,0.46439772844314575,-1.2903046220541001,0.08916015625,-0.0066259725950658325,2620,0.545869767665863
62,885.07,8686,108.57122196999998,540672,264,0.0003,1.345270185172558,0.008650335,0.2,0.42620158195495605,-1.2947336941957475,0.0771484375,-0.005731997743714601,2630,0.510905385017395
62,885.43,8718,108.68904357000001,542720,265,0.0003,1.3139349684119224,0.009845972,0.2,0.49506527185440063,-1.2554512307047845,0.088525390625,-0.0075455513666383926,2640,0.6539475321769714
62,885.75,8751,108.96162519999999,544768,266,0.0003,1.0405854187905788,0.009320109,0.2,0.6411961317062378,-1.2877822443842888,0.0986328125,-0.007621507911244408,2650,0.4180494248867035
62,885.89,8782,109.06647733999998,546816,267,0.0003,1.3585262194275856,0.0077912025,0.2,0.47932136058807373,-1.310015518963337,0.07001953125,-0.004831552889663726,2660,0.5341622829437256
62,885.76,8814,109.12951227999999,548864,268,0.0003,1.3792955070734023,0.010146388,0.2,0.4146490693092346,-1.2520179986953734,0.123876953125,-0.007099620311055333,2670,0.6738361120223999
62,885.88,8853,109.15554392999996,550912,269,0.0003,1.0250871509313584,0.011766977,0.2,0.5479912161827087,-1.24511978328228,0.0830078125,-0.005142723186872899,2680,0.42335212230682373
62,886.49,8886,109.36743958999999,552960,270,0.0003,1.3137933224439622,0.0053425897,0.2,0.5125937759876251,-1.2583714947104454,0.051953125,-0.0017180494032800198,2690,0.7282017469406128
62,886.61,8919,109.53974694,555008,271,0.0003,1.4070777982473373,0.008466737,0.2,0.5792237520217896,-1.2453426748514176,0.08291015625,-0.005330348084680736,2700,0.8366079926490784
62,886.86,8951,109.76419236000001,557056,272,0.0003,1.1887038484215737,0.00617983,0.2,0.5438430309295654,-1.2200454011559487,0.059130859375,-0.0057274806895293295,2710,0.4101392328739166
62,887.2,8985,110.02998301999997,559104,273,0.0003,1.1912049293518066,0.013012168,0.2,0.48811739683151245,-1.250267469882965,0.096240234375,-0.006839088292326778,2720,0.5022685527801514
62,887.42,9017,110.22313759000001,561152,274,0.0003,1.3836473986506461,0.0074599413,0.2,0.6197527647018433,-1.2960043206810952,0.066162109375,-0.004910849535372108,2730,0.6571807861328125
62,887.77,9051,110.34301576000001,563200,275,0.0003,1.3707447446882726,0.011000689,0.2,0.5095898509025574,-1.2436698958277703,0.0908203125,-0.006434584129601717,2740,0.5434364676475525
62,887.73,9083,110.65710491000002,565248,276,0.0003,1.4212188862264157,0.009186798,0.2,0.45992428064346313,-1.2567114859819413,0.07734375,-0.0033254404668696226,2750,0.567452609539032
62,887.91,9116,110.79601332000001,567296,277,0.0003,1.4924192406237125,0.009757244,0.2,0.5341996252536774,-1.2771094232797622,0.07939453125,-0.007030494825448841,2760,0.5942913293838501
62,888.31,9148,110.97398504000003,569344,278,0.0003,1.1556925870478154,0.010468331,0.2,0.5376927256584167,-1.2532303795218467,0.07138671875,-0.002365917677525431,2770,0.549839437007904
62,888.66,9180,111.07935392000003,571392,279,0.0003,0.9629607282578945,0.008096399,0.2,0.5919990837574005,-1.2347051456570626,0.062841796875,-0.0076494638924486935,2780,0.3262559175491333
62,889.06,9213,111.49589592000001,573440,280,0.0003,0.9848521567881108,0.008049985,0.2,0.507856696844101,-1.2238986745476723,0.067041015625,-0.005029132252093405,2790,0.4815121293067932
62,889.37,9246,111.69530264999999,575488,281,0.0003,1.3715116262435914,0.0076250583,0.2,0.5261906981468201,-1.2052352011203766,0.06435546875,-0.005564384727040306,2800,0.6916511654853821
62,889.43,9279,111.77588626,577536,282,0.0003,1.2206838630139827,0.007682441,0.2,0.509137362241745,-1.1508873924613,0.05166015625,-0.003618215431924909,2810,0.43481209874153137
62,889.5,9311,112.02572042999998,579584,283,0.0003,1.0190354682505132,0.010346848,0.2,0.6227033734321594,-1.1556869879364968,0.0837890625,-0.007387857337016612,2820,0.4066815972328186
62,889.71,9344,112.36296911,581632,284,0.0003,1.2246179305016995,0.007831491,0.2,0.5547720193862915,-1.189135444164276,0.078271484375,-0.005723691440653056,2830,0.49748942255973816
62,889.73,9378,112.48891144000001,583680,285,0.0003,1.1997414380311966,0.0066986512,0.2,0.4698200821876526,-1.1600073263049127,0.05703125,-0.004842502466635779,2840,0.3725923001766205
62,889.9,9410,112.74747335,585728,286,0.0003,1.1688655607402325,0.007265686,0.2,0.4986823797225952,-1.1442967012524605,0.055615234375,-0.0036854858917649835,2850,0.5395085215568542
62,890.32,9446,113.12364106999999,587776,287,0.0003,1.3316907651722432,0.0073456243,0.2,0.4397311806678772,-1.1649515524506568,0.0705078125,-0.007141111331293359,2860,0.49431124329566956
62,890.86,9479,113.44912233000001,589824,288,0.0003,1.3334543228149414,0.0057065887,0.2,0.5939939916133881,-1.1433224469423293,0.048291015625,-0.0037148494186112655,2870,0.6061921715736389
62,891.18,9516,113.66441233999998,591872,289,0.0003,1.249002718180418,0.008344512,0.2,0.5254152417182922,-1.0943109162151814,0.042626953125,-0.003435528464615345,2880,0.40689098834991455
62,891.16,9550,113.84040469999998,593920,290,0.0003,1.2754067324101925,0.009243579,0.2,0.5616234242916107,-1.131064136326313,0.097265625,-0.007395794405601919,2890,0.49893155694007874
62,891.28,9581,113.83736307,595968,291,0.0003,1.3543641112744809,0.0071435887,0.2,0.6772731840610504,-1.1332735568284988,0.069580078125,-0.005059378268197179,2900,0.4219377636909485
62,891.54,9614,114.01048131999998,598016,292,0.0003,1.0912130907177926,0.005347918,0.2,0.5035489499568939,-1.1073859706521034,0.046826171875,-0.004840490914648399,2910,0.3669110834598541
62,891.69,9646,114.32259283000003,600064,293,0.0003,1.1476162783801556,0.010954235,0.2,0.6082212030887604,-1.1415597319602966,0.0673828125,-0.0073199866223149,2920,0.4327198565006256
62,891.72,9678,114.50019207,602112,294,0.0003,1.6161593288183211,0.0047963043,0.2,0.46744853258132935,-1.1718870118260383,0.051806640625,-0.0054098907683510335,2930,0.5603862404823303
62,892.15,9710,114.68352475,604160,295,0.0003,1.2729064151644707,0.0065684495,0.2,0.644809901714325,-1.143211616575718,0.066455078125,-0.006239900545915588,2940,0.36829861998558044
62,892.61,9741,114.96296695,606208,296,0.0003,1.2987225905060769,0.00474305,0.2,0.5585475265979767,-1.1088825546205043,0.051904296875,-0.004139234160538763,2950,0.4871353507041931
62,892.92,9772,115.26671882999999,608256,297,0.0003,1.2832903526723385,0.008411147,0.2,0.5348138809204102,-1.1660933375358582,0.05478515625,-0.006570339272730053,2960,0.5119734406471252
62,892.96,9804,115.36221189,610304,298,0.0003,1.5872482761740685,0.006612017,0.2,0.5401652753353119,-1.162011630833149,0.062255859375,-0.006719168467679992,2970,0.5640836358070374
62,892.86,9837,115.4756508,612352,299,0.0003,1.4611030593514442,0.0076888874,0.2,0.539441704750061,-1.141700340807438,0.071484375,-0.008545870619127528,2980,0.537116289138794
62,893.1,9872,115.66933770999998,614400,300,0.0003,1.067199169844389,0.007903041,0.2,0.5652272701263428,-1.1323140636086464,0.068310546875,-0.006596907635685057,2990,0.6812390685081482
62,893.19,9905,115.87092098,616448,301,0.0003,1.4393876992166041,0.010676142,0.2,0.5356198847293854,-1.1281300634145737,0.108642578125,-0.010220456955721602,3000,0.4350229501724243
62,893.38,9936,116.13777671,618496,302,0.0003,1.273813296854496,0.008019156,0.2,0.6165575087070465,-1.0991786524653435,0.063720703125,-0.006107884820085019,3010,0.5642937421798706
62,893.36,9970,116.20827567999999,620544,303,0.0003,1.4556348316371441,0.004958716,0.2,0.5643479228019714,-1.072384800761938,0.029833984375,-0.004076327348593622,3020,0.6970564723014832
62,893.6,10004,116.44103605000001,622592,304,0.0003,1.3601928286254406,0.009304405,0.2,0.5094317197799683,-1.0907550752162933,0.07626953125,-0.006595181225566194,3030,0.5083371996879578
62,893.66,10035,116.66481953,624640,305,0.0003,1.4585415102541446,0.008411154,0.2,0.5356400609016418,-1.102668857574463,0.06591796875,-0.006758597918087616,3040,0.4297029972076416
62,893.66,10068,116.89285514999997,626688,306,0.0003,1.2256501190364362,0.009320052,0.2,0.5155516266822815,-1.0713051818311214,0.06728515625,-0.005866909614996985,3050,0.4866567552089691
62,893.6,10101,116.98843785000001,628736,307,0.0003,1.2047750242054462,0.0075236456,0.2,0.4979686141014099,-1.0798249177634716,0.06181640625,-0.002119675633730367,3060,0.4258425235748291
62,893.75,10132,117.05586521,630784,308,0.0003,1.434002547711134,0.007317779,0.2,0.5883990228176117,-1.1134043022990228,0.052197265625,-0.006111820414662361,3070,0.6099974513053894
62,893.77,10163,117.2576267,632832,309,0.0003,1.2875813506543636,0.00777522,0.2,0.5099622905254364,-1.1108808383345603,0.055419921875,-0.0056378976616542785,3080,0.4547649621963501
62,893.63,10196,117.29429280000001,634880,310,0.0003,1.2180814668536186,0.008219592,0.2,0.5638465285301208,-1.0757477708160876,0.0783203125,-0.010713175189448521,3090,0.3958664834499359
62,893.69,10229,117.43821868,636928,311,0.0003,1.2959458529949188,0.008824866,0.2,0.5982349216938019,-1.0927730157971383,0.054248046875,-0.005621189740486443,3100,0.4348486661911011
62,893.77,10262,117.64043379000003,638976,312,0.0003,1.730710331350565,0.0059788874,0.2,0.5074112117290497,-1.0707106284797192,0.0388671875,-0.002588263846701011,3110,0.7243108749389648
62,893.98,10294,117.90149184,641024,313,0.0003,1.4837604694068431,0.009241499,0.2,0.551776796579361,-1.0502866826951505,0.083447265625,-0.006710972485598177,3120,0.7117021083831787
62,894.2,10326,118.10969462999999,643072,314,0.0003,1.3338009476661683,0.0076267566,0.2,0.6114104986190796,-1.0834731370210648,0.079638671875,-0.007012112758820877,3130,0.40336111187934875
62,894.26,10358,118.25725628999999,645120,315,0.0003,1.3485946409404277,0.011556498,0.2,0.5233524441719055,-1.0773453362286092,0.10205078125,-0.011533376504667103,3140,0.5374688506126404
62,894.31,10390,118.30451310999999,647168,316,0.0003,1.1602347694337367,0.010086633,0.2,0.5643689632415771,-1.0559981919825077,0.084521484375,-0.007139342249138281,3150,0.3829786777496338
62,894.49,10423,118.37663524,649216,317,0.0003,1.2533050380647182,0.008187817,0.2,0.592310220003128,-1.04331893324852,0.060595703125,-0.0062095685512758795,3160,0.46803173422813416
62,894.34,10456,118.50487170000001,651264,318,0.0003,1.1661343321204185,0.011668447,0.2,0.40138405561447144,-1.0357824943959713,0.096728515625,-0.006588505039690063,3170,0.336212694644928
62,894.42,10488,118.64578351000002,653312,319,0.0003,1.2571303762495518,0.007621335,0.2,0.5928257703781128,-1.0405079670250417,0.074560546875,-0.007387786527397111,3180,0.7150783538818359
62,894.63,10522,118.72520606999998,655360,320,0.0003,1.3424542479217052,0.007609189,0.2,0.5630667805671692,-1.027687318623066,0.050390625,-0.004877370811300352,3190,0.5947232842445374
62,894.92,10555,118.90527019000001,657408,321,0.0003,1.1277431473135948,0.010013367,0.2,0.5930750370025635,-0.9853754453361034,0.06484375,-0.004448289395077154,3200,0.4386157989501953
62,894.92,10586,118.93138228,659456,322,0.0003,1.2618350230157376,0.0066759624,0.2,0.48055171966552734,-0.9866971358656883,0.054345703125,-0.0036672356131020934,3210,0.5892534852027893
62,894.78,10617,119.01509566,661504,323,0.0003,1.2362750075757503,0.0096388,0.2,0.5477103590965271,-1.0015934750437736,0.07080078125,-0.008750315650831907,3220,0.4531102478504181
62,894.84,10648,119.061305,663552,324,0.0003,1.0945976756513118,0.011120586,0.2,0.5588867366313934,-0.9904544152319431,0.062890625,-0.006335114128887653,3230,0.6477987766265869
62,895.09,10679,119.32005376000001,665600,325,0.0003,0.9140297271311283,0.007101593,0.2,0.6329888105392456,-0.9795693710446358,0.080078125,-0.005351006670389324,3240,0.347627192735672
62,895.29,10711,119.36183838000001,667648,326,0.0003,1.4285219691693782,0.008091895,0.2,0.4716029763221741,-0.9997496202588081,0.05380859375,-0.005515183470561169,3250,0.4875640869140625
62,895.38,10743,119.55849924,669696,327,0.0003,1.0533794268965722,0.007632511,0.2,0.46278882026672363,-0.9864954397082328,0.053466796875,-0.0058209650160279125,3260,0.3374308943748474
62,895.09,10780,119.6276896,671744,328,0.0003,1.0340403340756894,0.008442908,0.2,0.5588469207286835,-0.9827459059655667,0.058447265625,-0.004663351515773684,3270,0.4401775896549225
62,894.95,10813,119.44964178999999,673792,329,0.0003,1.4113446675240993,0.009528778,0.2,0.678385853767395,-0.9996273547410965,0.081982421875,-0.008666106732562184,3280,0.6723732948303223
62,894.78,10849,119.45424691,675840,330,0.0003,1.2444802470505238,0.0075081764,0.2,0.5174749493598938,-0.9783980950713158,0.063330078125,-0.0059234800224658105,3290,0.4059746265411377
62,894.52,10881,119.45576435,677888,331,0.0003,1.1553198635578155,0.0067948587,0.2,0.6015720963478088,-0.9637974247336387,0.055517578125,-0.0070303927001077685,3300,0.5517656803131104
62,894.63,10913,119.55667269000001,679936,332,0.0003,1.2102275401353837,0.011408392,0.2,0.596571296453476,-0.964164336770773,0.066650390625,-0.004514760669553653,3310,0.6501995325088501
62,894.59,10944,119.59363067,681984,333,0.0003,1.5362889662384986,0.0062712827,0.2,0.628600001335144,-1.0093445003032684,0.057666015625,-0.005009218340273946,3320,0.8297677636146545
62,894.71,10975,119.71100937,684032,334,0.0003,1.137626478075981,0.0061016455,0.2,0.5120961368083954,-0.9885537922382355,0.055517578125,-0.0054396563034970315,3330,0.4187193512916565
62,894.64,11008,119.86113366,686080,335,0.0003,1.2874514296650887,0.0074281218,0.2,0.5170888900756836,-0.97466806396842,0.064892578125,-0.006204342102864757,3340,0.5249916315078735
62,894.53,11039,119.85336593999999,688128,336,0.0003,1.2612123906612396,0.007682551,0.2,0.6977610886096954,-0.9903092250227928,0.059033203125,-0.006156844343058765,3350,0.4856514036655426
62,894.69,11072,119.91253586,690176,337,0.0003,1.4607521444559097,0.0061535733,0.2,0.5335901379585266,-0.9647573679685593,0.054541015625,-0.003092201292747632,3360,0.6289685964584351
62,894.76,11103,119.96033524,692224,338,0.0003,1.3552037626504898,0.0047855955,0.2,0.6495865881443024,-0.9584929443895817,0.059228515625,-0.0039982379617867995,3370,0.6502933502197266
62,894.45,11136,119.88766658,694272,339,0.0003,1.472875103354454,0.0067364555,0.2,0.672320693731308,-0.9694234564900398,0.059228515625,-0.0063159157580230385,3380,0.5514351725578308
62,894.29,11168,119.90451709999999,696320,340,0.0003,1.4397391311824321,0.005189053,0.2,0.5952012836933136,-0.9400834746658802,0.053662109375,-0.004827402299270034,3390,0.6146538257598877
62,894.2,11201,119.87200150999999,698368,341,0.0003,1.306851963698864,0.007090318,0.2,0.5919623374938965,-0.9646675750613213,0.065380859375,-0.004534395545488223,3400,0.5848429203033447
62,894.06,11233,119.91637541,700416,342,0.0003,1.1521184958517552,0.0077749654,0.2,0.5875104069709778,-0.9877299219369888,0.05439453125,-0.004836862860247493,3410,0.36677640676498413
62,893.9,11265,119.84374205000002,702464,343,0.0003,1.4727087810635566,0.006537603,0.2,0.663595974445343,-1.0127966023981572,0.057373046875,-0.004583691852167249,3420,0.44043704867362976
62,893.94,11295,120.00021449,704512,344,0.0003,1.0402538448572158,0.0078340955,0.2,0.583682656288147,-0.9614227958023548,0.07978515625,-0.006162030808627606,3430,0.4097333252429962
62,894.0,11328,120.06119761999999,706560,345,0.0003,1.1406834252178668,0.007242403,0.2,0.4484845995903015,-0.9725416421890258,0.06376953125,-0.0057521294918842615,3440,0.36334165930747986
62,893.98,11360,120.1673906,708608,346,0.0003,1.4540300525724887,0.005918181,0.2,0.6235441863536835,-0.9549862451851368,0.05546875,-0.007980930618941784,3450,0.428724467754364
62,893.91,11392,120.25728183,710656,347,0.0003,1.2017166942358017,0.0072292844,0.2,0.5752576291561127,-0.939674723148346,0.053662109375,-0.003882673702901229,3460,0.6063596606254578
62,893.81,11423,120.41901033,712704,348,0.0003,1.163604348152876,0.010319576,0.2,0.5836260914802551,-0.9364230372011662,0.077783203125,-0.007083348883315921,3470,0.4144413471221924
62,893.95,11455,120.44969596000003,714752,349,0.0003,1.320704048871994,0.0050452445,0.2,0.6260181069374084,-0.9837762407958508,0.043310546875,-0.0038352867763023824,3480,0.47746512293815613
62,894.01,11485,120.52336357000001,716800,350,0.0003,1.2407210491597653,0.0057730153,0.2,0.7243034839630127,-0.9616670981049538,0.045556640625,-0.0058183113404084,3490,0.546953022480011
62,894.12,11517,120.69174221000002,718848,351,0.0003,1.2568435288965703,0.006168124,0.2,0.6448315680027008,-0.9642881028354168,0.0572265625,-0.007282420783303678,3500,0.457608163356781
62,893.96,11548,120.84265916,720896,352,0.0003,1.2103815719485282,0.006090117,0.2,0.6634654402732849,-0.9789478220045567,0.05341796875,-0.006331735706771724,3510,0.42021334171295166
62,894.03,11580,120.74377827,722944,353,0.0003,1.394588440656662,0.008059651,0.2,0.6689195036888123,-0.96840910166502,0.056298828125,-0.007330439030192792,3520,0.5373042225837708
62,894.04,11611,120.93419216999999,724992,354,0.0003,1.1694549590349197,0.007268413,0.2,0.6397275924682617,-0.919771121442318,0.05849609375,-0.004661669739289209,3530,0.4352312386035919
62,894.14,11643,121.02624666,727040,355,0.0003,1.1532638654112817,0.0066347504,0.2,0.5707530379295349,-0.9185803107917309,0.061279296875,-0.006068089883774519,3540,0.3443460762500763
62,894.32,11674,121.14563453999997,729088,356,0.0003,1.0725563868880272,0.007909766,0.2,0.6680271923542023,-0.9348042078316212,0.0779296875,-0.008438264991855248,3550,0.37328439950942993
62,893.93,11705,121.10418994,731136,357,0.0003,1.4788760557770728,0.006930301,0.2,0.6279127597808838,-0.9335316114127636,0.05859375,-0.005637257290072739,3560,0.5934836268424988
62,893.93,11737,121.07650592000002,733184,358,0.0003,1.228896564245224,0.005435137,0.2,0.6610417366027832,-0.9307249866425991,0.0458984375,-0.005610633277683519,3570,0.5305221676826477
62,894.05,11768,121.06690901,735232,359,0.0003,1.2220634624361992,0.006373369,0.2,0.6178751885890961,-0.9583352826535702,0.046484375,-0.005856412800494581,3580,0.6550813913345337
62,894.2,11800,121.18909788,737280,360,0.0003,1.3608677126467228,0.0064740274,0.2,0.630965530872345,-0.9495088532567024,0.06123046875,-0.006852015288313851,3590,0.5708492398262024
62,894.13,11832,121.19126284000002,739328,361,0.0003,1.2559434674680232,0.004763731,0.2,0.6659720540046692,-0.8978974498808384,0.04111328125,-0.004430717648938298,3600,0.4403688907623291
62,894.15,11864,121.16397142000001,741376,362,0.0003,1.1342262603342532,0.0054395576,0.2,0.6823912858963013,-0.9422064907848835,0.03720703125,-0.003942264523357153,3610,0.5480026006698608
62,893.96,11896,121.21191633999999,743424,363,0.0003,1.4061749801039696,0.005926585,0.2,0.560108095407486,-0.9265063382685185,0.036279296875,-0.006954335467889905,3620,0.46913978457450867
62,894.11,11929,121.22910168,745472,364,0.0003,1.365615962445736,0.006081706,0.2,0.6738515794277191,-0.8994407750666141,0.046240234375,-0.00458549804170616,3630,0.55500727891922
62,893.94,11979,121.12360167000001,747520,365,0.0003,1.147838319838047,0.006124126,0.2,0.6900815069675446,-0.8927589155733585,0.048876953125,-0.0051915069459937515,3640,0.470520555973053
62,893.78,12025,121.15165473,749568,366,0.0003,1.1866141177713871,0.0073527684,0.2,0.6791048049926758,-0.918592669814825,0.053955078125,-0.0070999029092490675,3650,0.5847460627555847
62,893.81,12067,121.23833969000002,751616,367,0.0003,1.5867599681019784,0.0036656288,0.2,0.6033094227313995,-0.9059695787727833,0.027978515625,-0.003266773367067799,3660,0.7757827639579773
62,893.71,12104,121.22122085999999,753664,368,0.0003,1.180874413251877,0.006860951,0.2,0.6588465571403503,-0.8856524042785168,0.06630859375,-0.0053322960331570355,3670,0.35658082365989685
62,893.7,12134,121.24412991000001,755712,369,0.0003,1.20921338647604,0.006287888,0.2,0.6027385890483856,-0.920963067561388,0.062353515625,-0.0069799322576727715,3680,0.3911025822162628
62,893.93,12165,121.31785622000001,757760,370,0.0003,1.2017385311424733,0.00809855,0.2,0.6994868516921997,-0.9095247216522694,0.058935546875,-0.005523132794769481,3690,0.601371169090271
62,894.01,12195,121.33579504000001,759808,371,0.0003,1.1715329445898532,0.0062988577,0.2,0.6785391867160797,-0.9012710832059383,0.047412109375,-0.004384025541367009,3700,0.7425424456596375
62,894.2,12226,121.28218395000003,761856,372,0.0003,1.1635055720806122,0.0061303456,0.2,0.5993101894855499,-0.8684250168502331,0.072216796875,-0.006982466724002734,3710,0.5772500038146973
62,894.48,12258,121.37471117,763904,373,0.0003,1.2866180934011937,0.0064363778,0.2,0.5400583744049072,-0.8539280079305172,0.0404296875,-0.0051661232428159565,3720,0.41889429092407227
62,894.58,12291,121.41072141999999,765952,374,0.0003,1.3541690520942211,0.0068136686,0.2,0.73759326338768,-0.8275764748454094,0.050244140625,-0.004610626091016456,3730,0.7622794508934021
62,894.27,12322,121.35995169,768000,375,0.0003,1.4917628742754458,0.0044955667,0.2,0.645275354385376,-0.811701899766922,0.032470703125,-0.0031066010822542013,3740,0.5907642841339111
62,894.33,12355,121.47166005,770048,376,0.0003,1.2513788014650344,0.0068830317,0.2,0.6292609572410583,-0.8278479881584644,0.042578125,-0.0052527451538480815,3750,0.4694919288158417
62,894.5,12389,121.48379841,772096,377,0.0003,1.6297420844435693,0.004330267,0.2,0.7153023183345795,-0.844051655381918,0.031494140625,-0.003768967330688611,3760,1.0526912212371826
62,894.74,12421,121.60930582,774144,378,0.0003,1.015613004565239,0.005418378,0.2,0.7240589261054993,-0.8431984096765518,0.05390625,-0.004198748152703047,3770,0.3317374587059021
62,894.88,12453,121.68095680999998,776192,379,0.0003,1.1407882146537305,0.0090656895,0.2,0.5448979437351227,-0.8510662585496902,0.073876953125,-0.007606634375406429,3780,0.46559008955955505
62,894.71,12486,121.58962380000001,778240,380,0.0003,1.146281322836876,0.013047698,0.2,0.6429661214351654,-0.8709653452038765,0.06533203125,-0.005608464893884957,3790,0.7646786570549011
62,894.47,12518,121.58104415000001,780288,381,0.0003,1.2298788242042065,0.005126456,0.2,0.6837868988513947,-0.8589394241571426,0.0384765625,-0.003851889676298015,3800,0.42614325881004333
62,894.44,12550,121.64484916,782336,382,0.0003,1.639935427904129,0.007471073,0.2,0.5900267958641052,-0.8595374383032321,0.05615234375,-0.0061900999047793445,3810,0.8319675326347351
62,894.83,12582,121.80693310000002,784384,383,0.0003,0.9850343145430088,0.008330011,0.2,0.6964448094367981,-0.8966899953782559,0.066650390625,-0.007745058578439057,3820,0.4228614866733551
62,894.94,12613,121.94867424,786432,384,0.0003,1.3142907314002514,0.0040232055,0.2,0.7300248444080353,-0.9012336991727352,0.035107421875,-0.003717848123051226,3830,0.48241838812828064
62,895.19,12647,121.96964015000002,788480,385,0.0003,1.2224151238799095,0.0038847518,0.2,0.6333507597446442,-0.8940808683633804,0.047998046875,-0.005586685292655602,3840,0.48106202483177185
62,895.31,12678,122.01682694000003,790528,386,0.0003,1.1659026436507702,0.00673402,0.2,0.6545973420143127,-0.853555365651846,0.061181640625,-0.006964136811438948,3850,0.4339432716369629
62,895.39,12709,121.97012608000001,792576,387,0.0003,1.0823693990707397,0.0076331734,0.2,0.6517523527145386,-0.8660285234451294,0.0724609375,-0.0061598020081873985,3860,0.5609592795372009
62,895.1,12741,121.83652614,794624,388,0.0003,1.2355384148657322,0.005499168,0.2,0.7325945198535919,-0.8607883386313915,0.049560546875,-0.005068612127797678,3870,0.4128511846065521
62,895.11,12772,121.78967149,796672,389,0.0003,1.1296064153313636,0.005285121,0.2,0.6614670157432556,-0.8342087924480438,0.030712890625,-0.0036235880281310527,3880,0.5683459639549255
62,894.95,12803,121.642426,798720,390,0.0003,1.1702911898493766,0.0049598846,0.2,0.6085063219070435,-0.844305033236742,0.036083984375,-0.004802342009497806,3890,0.5572726726531982
62,894.88,12835,121.42824222000002,800768,391,0.0003,1.2711635418236256,0.005708698,0.2,0.747018426656723,-0.8369608357548713,0.051171875,-0.006086056964704767,3900,0.4768218696117401
62,894.68,12866,121.34937180000001,802816,392,0.0003,1.3666806653141976,0.0058342856,0.2,0.6694195866584778,-0.8332194328308106,0.04677734375,-0.0064296597556676716,3910,0.5180099606513977
62,894.48,12897,121.34455582999999,804864,393,0.0003,1.1851103372871876,0.007647613,0.2,0.6963933706283569,-0.822897408157587,0.06005859375,-0.005013263988075778,3920,0.58404940366745
62,894.26,12930,121.30202347000001,806912,394,0.0003,1.6953049033880234,0.005047554,0.2,0.6818822622299194,-0.8231768555939197,0.03505859375,-0.005188232421642169,3930,0.832622766494751
62,894.19,12963,121.33576643,808960,395,0.0003,1.2266582809388638,0.0044906186,0.2,0.6751957833766937,-0.8196461349725723,0.0455078125,-0.004658872785512358,3940,0.6107989549636841
62,894.04,12997,121.27686905,811008,396,0.0003,1.3328395925462246,0.0060229334,0.2,0.6485063135623932,-0.8135250486433506,0.02646484375,-0.0034132516535464673,3950,0.5495816469192505
62,893.87,13028,121.27300012000002,813056,397,0.0003,1.2403448142111302,0.0057145655,0.2,0.630793035030365,-0.8360911853611469,0.065087890625,-0.007448013286921196,3960,0.4358504116535187
62,893.61,13061,121.24912205000001,815104,398,0.0003,1.0977854214608669,0.0073406217,0.2,0.7522920519113541,-0.8246585443615914,0.06611328125,-0.007506991236004979,3970,0.5135517120361328
62,893.65,13093,121.22134461,817152,399,0.0003,1.2022928155958652,0.0060672527,0.2,0.6610609292984009,-0.8366716183722019,0.044287109375,-0.003813174576498568,3980,0.3533444404602051
62,893.6,13127,121.25217360999999,819200,400,0.0003,1.2529910407960414,0.005035801,0.2,0.7127362489700317,-0.8327760905027389,0.037548828125,-0.005411221529357135,3990,0.5591029524803162
62,893.74,13160,121.35214556,821248,401,0.0003,1.1774205654859542,0.006465774,0.2,0.7481176853179932,-0.8436829663813115,0.056982421875,-0.006717565935105085,4000,0.4168769121170044
62,893.7,13193,121.22987006,823296,402,0.0003,1.1445504926145076,0.005616024,0.2,0.6647090315818787,-0.80569082275033,0.035400390625,-0.004440809419611469,4010,0.392499178647995
62,893.21,13227,121.01266724999999,825344,403,0.0003,1.2951654978096485,0.005654132,0.2,0.6748984754085541,-0.7878402888774871,0.037646484375,-0.004789555264869705,4020,0.5597853660583496
62,892.89,13259,121.03823849000003,827392,404,0.0003,1.1242477014660834,0.006614859,0.2,0.7172705829143524,-0.7694504499435425,0.05830078125,-0.004895265167579055,4030,0.40133267641067505
62,893.0,13289,121.08030812000001,829440,405,0.0003,1.0336456559598446,0.0044250824,0.2,0.6655805110931396,-0.7623162016272544,0.047900390625,-0.005991888279095292,4040,0.29914090037345886
62,892.96,13320,121.01061638000002,831488,406,0.0003,1.2256841875612736,0.005813066,0.2,0.6836883425712585,-0.7790088124573231,0.044775390625,-0.005220568305230699,4050,0.4896767735481262
62,892.75,13350,120.82903495999999,833536,407,0.0003,1.04086851850152,0.0057760533,0.2,0.653831958770752,-0.7764496430754662,0.057958984375,-0.005797561700455844,4060,0.39673659205436707
62,892.66,13381,120.83905845999998,835584,408,0.0003,1.0365732409060002,0.0061080176,0.2,0.6582237184047699,-0.7669772729277611,0.052490234375,-0.00685379133792594,4070,0.3680063486099243
62,892.44,13412,120.84583828,837632,409,0.0003,1.1623547397553922,0.0047420356,0.2,0.7170134782791138,-0.739858242124319,0.026416015625,-0.005202738917432725,4080,0.6523025631904602
62,892.53,13443,120.85458949000002,839680,410,0.0003,1.1606542475521564,0.0038317463,0.2,0.6450336575508118,-0.7603639684617519,0.039501953125,-0.004864390462171286,4090,0.3457418382167816
62,892.58,13473,120.89252912000002,841728,411,0.0003,1.2104801654815673,0.005592348,0.2,0.7638832181692123,-0.7595386236906052,0.053125,-0.008321048913057894,4100,0.5351693034172058
62,892.34,13505,120.74255300000003,843776,412,0.0003,1.067834947258234,0.005270347,0.2,0.6991214156150818,-0.7391361899673938,0.03623046875,-0.004659260844346136,4110,0.35717281699180603
62,892.48,13537,120.69456151000003,845824,413,0.0003,1.0911504007875918,0.0049907053,0.2,0.6913196444511414,-0.7529319651424885,0.046728515625,-0.006267713429406285,4120,0.4703841805458069
62,892.09,13569,120.60357889000001,847872,414,0.0003,1.3853293657302856,0.0049849846,0.2,0.7132294178009033,-0.7889796793460846,0.0521484375,-0.006069330911850556,4130,0.597014307975769
62,891.86,13602,120.55504154,849920,415,0.0003,1.1997892528772354,0.0053006397,0.2,0.715079665184021,-0.7774853818118572,0.04189453125,-0.004560079600196332,4140,0.5413441061973572
62,891.72,13633,120.59604983999999,851968,416,0.0003,1.0838826790452003,0.0044824225,0.2,0.7360832691192627,-0.7882232695817948,0.036279296875,-0.00402968994458206,4150,0.41472139954566956
62,891.69,13665,120.57964148,854016,417,0.0003,1.100216230750084,0.0055396715,0.2,0.6473154723644257,-0.770666815340519,0.05458984375,-0.005699890374671668,4160,0.3373214900493622
62,891.8,13698,120.52799630999999,856064,418,0.0003,1.396978923678398,0.005809441,0.2,0.7610307484865189,-0.7870007619261742,0.0458984375,-0.005242263013496995,4170,0.43940863013267517
62,892.0,13730,120.58382660999997,858112,419,0.0003,1.215406670421362,0.006047965,0.2,0.6923497319221497,-0.784558792412281,0.052294921875,-0.006729248882038519,4180,0.5752913951873779
62,891.92,13765,120.68828592999998,860160,420,0.0003,1.2145636603236198,0.0064009614,0.2,0.6619187295436859,-0.7819418802857399,0.050244140625,-0.006137811159715056,4190,0.664517343044281
62,891.87,13796,120.61540186999997,862208,421,0.0003,1.4656942069530488,0.0067363232,0.2,0.7067204117774963,-0.8081212736666202,0.052197265625,-0.0068753670551814135,4200,0.4870985448360443
62,891.71,13828,120.60532081,864256,422,0.0003,1.5432532504200935,0.0060122684,0.2,0.6103904545307159,-0.8213850401341916,0.0537109375,-0.006326303613604978,4210,0.7893473505973816
62,891.89,13860,120.77116018999999,866304,423,0.0003,1.1897023521363734,0.0070698867,0.2,0.6908031404018402,-0.8135499753057956,0.0498046875,-0.0063398044439964,4220,0.4221738874912262
62,892.09,13893,120.81467863000002,868352,424,0.0003,1.140456385910511,0.006439871,0.2,0.7207890748977661,-0.8265324555337429,0.053125,-0.006251807964872569,4230,0.3772795796394348
62,892.2,13925,120.85454349000001,870400,425,0.0003,1.2609636515378952,0.005468557,0.2,0.7348981201648712,-0.8238312393426895,0.04248046875,-0.004221127112396061,4240,0.48762208223342896
62,892.01,13957,120.95835476,872448,426,0.0003,1.2026482306420803,0.006562535,0.2,0.6955730020999908,-0.813100304454565,0.0490234375,-0.0062764145317487415,4250,0.49026989936828613
62,891.64,13988,120.82866434000002,874496,427,0.0003,1.1181031554937362,0.0079493,0.2,0.6277922689914703,-0.7967383213341236,0.068701171875,-0.007811569212935865,4260,0.44742101430892944
62,891.72,14021,120.78137698000002,876544,428,0.0003,1.0624853521585464,0.0046486,0.2,0.7270351052284241,-0.8125395826995373,0.029248046875,-0.0031835727975703778,4270,0.4485311508178711
62,891.65,14053,120.79397873999997,878592,429,0.0003,1.0851000875234604,0.004811509,0.2,0.709518313407898,-0.8223434828221798,0.04345703125,-0.0047054734139237555,4280,0.46766138076782227
62,891.45,14085,120.68460538,880640,430,0.0003,1.2379247277975083,0.0074048936,0.2,0.7108632624149323,-0.8240054853260517,0.065576171875,-0.005893949751043692,4290,0.39248359203338623
62,891.41,14115,120.85827246000001,882688,431,0.0003,1.0466909766197205,0.007994933,0.2,0.7065933346748352,-0.8345688909292222,0.056982421875,-0.006036760366987437,4300,0.41922879219055176
62,891.54,14147,120.85843764,884736,432,0.0003,1.2065069079399109,0.0035388544,0.2,0.6916614770889282,-0.8381001956760883,0.031396484375,-0.0029470977489836512,4310,0.48642128705978394
62,891.85,14177,121.04103973,886784,433,0.0003,1.1881477959454059,0.0057847425,0.2,0.6818135380744934,-0.8357490576803684,0.053076171875,-0.004686276352731511,4320,0.38438448309898376
62,891.82,14209,121.15418987,888832,434,0.0003,1.1271539248526097,0.007476573,0.2,0.7085969150066376,-0.837697122246027,0.050927734375,-0.0060771818913053725,4330,0.5062139630317688
62,891.84,14241,121.27383756000003,890880,435,0.0003,1.3064057059586047,0.00643232,0.2,0.7842772603034973,-0.8617847815155983,0.055615234375,-0.006205112393945456,4340,0.4959297478199005
62,892.0,14271,121.34447143000003,892928,436,0.0003,1.0763042882084846,0.0060349065,0.2,0.7555036246776581,-0.8180734410881996,0.064892578125,-0.006604307144880295,4350,0.5123343467712402
62,892.15,14303,121.41829054,894976,437,0.0003,1.1193402215838433,0.007633666,0.2,0.7418144643306732,-0.8464615777134895,0.053955078125,-0.004570973958470859,4360,0.35965171456336975
62,892.36,14339,121.40793902,897024,438,0.0003,1.3656611919403077,0.005218749,0.2,0.7652236819267273,-0.8599247373640537,0.047900390625,-0.0025956827943446116,4370,0.7216266393661499
62,892.65,14370,121.52892777999999,899072,439,0.0003,1.190406432747841,0.006049889,0.2,0.7157618403434753,-0.8474047504365444,0.06005859375,-0.006778951676096767,4380,0.6803673505783081
62,892.83,14402,121.53699019000001,901120,440,0.0003,1.0569787606596948,0.005593855,0.2,0.7018000483512878,-0.8190158531069756,0.03798828125,-0.005041095614433289,4390,0.33887407183647156
62,892.74,14433,121.5617865,903168,441,0.0003,0.9231927640736103,0.007068546,0.2,0.7110541462898254,-0.8508454866707325,0.04912109375,-0.007391458220081404,4400,0.3869621157646179
62,892.98,14464,121.57490298,905216,442,0.0003,1.2504594415426253,0.008922959,0.2,0.7486231923103333,-0.8587862394750119,0.047265625,-0.003765438869595528,4410,0.5520639419555664
62,892.89,14497,121.61245477000003,907264,443,0.0003,1.091349371522665,0.0063854097,0.2,0.6901227235794067,-0.8577397800981998,0.051123046875,-0.005201990838395431,4420,0.549196720123291
62,892.92,14529,121.57350062000002,909312,444,0.0003,1.1858112320303917,0.006588142,0.2,0.7162833213806152,-0.8415315598249435,0.041552734375,-0.0054241814708802846,4430,0.5649036765098572
62,892.77,14560,121.55997604999999,911360,445,0.0003,1.226694642752409,0.0048797033,0.2,0.7693073451519012,-0.8459845520555973,0.03515625,-0.004275205894373357,4440,0.6420925259590149
62,892.9,14591,121.63266233999998,913408,446,0.0003,1.2972240284085275,0.0059917183,0.2,0.6395607590675354,-0.868562126159668,0.040283203125,-0.005170947406440973,4450,0.6992204189300537
62,892.95,14626,121.71085275,915456,447,0.0003,1.037762126326561,0.00692245,0.2,0.7230817973613739,-0.8429998435080052,0.05595703125,-0.0037552510912064463,4460,0.2973060607910156
62,893.2,14659,121.62294948999997,917504,448,0.0003,1.1255039915442466,0.0062737493,0.2,0.7015210688114166,-0.8400552712380887,0.0490234375,-0.005629181591211818,4470,0.4082096517086029
62,893.12,14690,121.65213277,919552,449,0.0003,1.1814048431813717,0.00704279,0.2,0.7509445548057556,-0.8587801948189735,0.0638671875,-0.0066090556443668905,4480,0.5148255228996277
62,893.19,14721,121.79085545,921600,450,0.0003,1.2158107474446296,0.008851744,0.2,0.750173345208168,-0.8471050143241883,0.066650390625,-0.007414544076891616,4490,0.5667670965194702
62,893.36,14755,121.88807367999999,923648,451,0.0003,1.1820229195058345,0.0077848565,0.2,0.6599791944026947,-0.849840297549963,0.053271484375,-0.00539888137136586,4500,0.5789787769317627
62,893.34,14786,121.92845095999999,925696,452,0.0003,1.2338150329887867,0.0070845806,0.2,0.7943332940340042,-0.8598350651562214,0.0580078125,-0.00531813288689591,4510,0.6245698928833008
62,893.41,14817,121.99888468,927744,453,0.0003,1.1178901731967925,0.010189503,0.2,0.7480873167514801,-0.8334254652261734,0.0703125,-0.007968391757458448,4520,0.43592679500579834
62,893.77,14847,122.02224858999998,929792,454,0.0003,1.3953443974256516,0.005712959,0.2,0.7283707857131958,-0.8130479380488396,0.038671875,-0.00418568414170295,4530,0.5353928804397583
62,893.96,14878,122.19246133,931840,455,0.0003,0.9115807488560677,0.00697781,0.2,0.7086354494094849,-0.828482386469841,0.070166015625,-0.006428390491055325,4540,0.3523527681827545
62,894.1,14910,122.27988953,933888,456,0.0003,1.1546824604272843,0.006897344,0.2,0.7914403080940247,-0.8225411474704742,0.06416015625,-0.00606706781545654,4550,0.5471622347831726
62,894.01,14941,122.29455198,935936,457,0.0003,1.140642800182104,0.0073876693,0.2,0.7649716436862946,-0.8445735268294812,0.069287109375,-0.007361860596574843,4560,0.49459946155548096
62,894.03,14974,122.17454948000001,937984,458,0.0003,1.0251282423734664,0.007525271,0.2,0.7346218228340149,-0.811074735969305,0.066650390625,-0.005265883129322901,4570,0.3551120460033417
62,894.04,15005,122.29007558,940032,459,0.0003,1.2281666807830334,0.008067104,0.2,0.7195817530155182,-0.8468717984855175,0.06513671875,-0.005400700168684125,4580,0.44083917140960693
62,894.06,15039,122.27318631000001,942080,460,0.0003,1.0943713083863258,0.0069917226,0.2,0.7408237159252167,-0.8516984835267067,0.066064453125,-0.006419647543225437,4590,0.42058882117271423
62,893.82,15074,122.28942762000003,944128,461,0.0003,1.0601043701171875,0.007619468,0.2,0.7350801527500153,-0.836444827914238,0.07939453125,-0.006310804991517216,4600,0.40676140785217285
62,893.97,15108,122.30537187999998,946176,462,0.0003,1.1077634550631046,0.0064245015,0.2,0.7150465548038483,-0.8569962590932846,0.0458984375,-0.005565143344574608,4610,0.49127236008644104
62,894.13,15143,122.36782267999999,948224,463,0.0003,1.0547182634472847,0.0055017057,0.2,0.797284796833992,-0.8306982398033143,0.0529296875,-0.004336055368185043,4620,0.4361321032047272
62,894.26,15176,122.44070430000002,950272,464,0.0003,0.9015951178967953,0.009517286,0.2,0.7304591834545135,-0.8074060060083866,0.09423828125,-0.011318077734904364,4630,0.33690696954727173
62,893.8,15209,122.21911057999999,952320,465,0.0003,0.8729741185903549,0.005482523,0.2,0.8064823299646378,-0.8337914787232876,0.046044921875,-0.00454245891305618,4640,0.30974408984184265
62,893.79,15244,122.21895960000002,954368,466,0.0003,1.0982955664396286,0.009302804,0.2,0.7825198024511337,-0.8090723603963852,0.05615234375,-0.007665729767177254,4650,0.45251893997192383
62,893.73,15275,122.21781741000001,956416,467,0.0003,1.0909691862761974,0.0068112877,0.2,0.7509737014770508,-0.8308483406901359,0.06376953125,-0.005859324158518575,4660,0.5358313918113708
62,893.68,15307,122.11994448000002,958464,468,0.0003,1.0357934832572937,0.005476864,0.2,0.7491155862808228,-0.8143014550209046,0.043505859375,-0.004209089250070974,4670,0.3680473268032074
62,893.54,15338,121.99227486999999,960512,469,0.0003,1.2677804492413998,0.0060381484,0.2,0.7924928069114685,-0.8094363123178482,0.06298828125,-0.0061232701991684735,4680,0.5482668876647949
62,893.58,15370,121.95177622000001,962560,470,0.0003,1.1114591926336288,0.006357412,0.2,0.7216519713401794,-0.8023765474557877,0.054443359375,-0.005676055356161669,4690,0.45711201429367065
62,893.91,15401,122.02348697000001,964608,471,0.0003,1.0399966657161712,0.0105445655,0.2,0.7131308913230896,-0.8013927713036537,0.06533203125,-0.007514467695727944,4700,0.4359011650085449
62,894.04,15434,122.13357706999999,966656,472,0.0003,0.9411566749215126,0.006559011,0.2,0.7854308187961578,-0.7879318498075009,0.05908203125,-0.0045831369119696316,4710,0.3090154528617859
62,894.06,15466,122.24363595000001,968704,473,0.0003,1.1937736816704274,0.0038179657,0.2,0.7544435113668442,-0.8041028119623661,0.03203125,-0.0027247675927355884,4720,0.49282974004745483
62,894.42,15498,122.38340839,970752,474,0.0003,1.268820732831955,0.0054778503,0.2,0.736164778470993,-0.7757874593138695,0.03857421875,-0.0061289204400964085,4730,0.5322169661521912
62,894.41,15530,122.41395686000001,972800,475,0.0003,0.9112405471503735,0.008019006,0.2,0.7875820845365524,-0.7759912788867951,0.0578125,-0.004939950071275234,4740,0.33777111768722534
62,894.61,15562,122.46933994999999,974848,476,0.0003,0.88908611536026,0.0065477146,0.2,0.821782723069191,-0.7939871661365032,0.052978515625,-0.00712402987992391,4750,0.34613490104675293
62,894.55,15593,122.42887991000002,976896,477,0.0003,1.0533282808959483,0.005680516,0.2,0.7440296709537506,-0.7995667874813079,0.049755859375,-0.004715642577502876,4760,0.43057286739349365
62,894.78,15624,122.49497124,978944,478,0.0003,0.9858938962221145,0.008957118,0.2,0.7750702351331711,-0.7992389656603336,0.070361328125,-0.007472712945309467,4770,0.4407252371311188
62,895.02,15655,122.50592986,980992,479,0.0003,0.9355610571801662,0.00849541,0.2,0.7222829163074493,-0.7823004588484764,0.053955078125,-0.005769771011546254,4780,0.428327351808548
62,895.29,15688,122.52481377,983040,480,0.0003,1.033426621556282,0.008351833,0.2,0.7250783741474152,-0.8094951070845127,0.058056640625,-0.007021811953745782,4790,0.37553727626800537
62,895.26,15723,122.54690763,985088,481,0.0003,1.1250308185815812,0.005791454,0.2,0.736628383398056,-0.7735242031514644,0.047705078125,-0.0058691675018053505,4800,0.46787554025650024
62,895.0,15758,122.51827886999999,987136,482,0.0003,0.9101878479123116,0.0075298194,0.2,0.7816995829343796,-0.7834013596177101,0.052099609375,-0.00676709896652028,4810,0.4136560559272766
62,894.87,15791,122.42469249999998,989184,483,0.0003,1.0884529531002045,0.006876363,0.2,0.7530297636985779,-0.7825781010091305,0.05400390625,-0.005561476445291191,4820,0.3799888491630554
62,894.99,15822,122.51354324999998,991232,484,0.0003,1.137965638935566,0.004589999,0.2,0.7290025651454926,-0.7580336935818195,0.040625,-0.0033508140710182487,4830,0.36864742636680603
62,895.22,15854,122.59462552,993280,485,0.0003,1.1234472446143626,0.004670526,0.2,0.7685792297124863,-0.7399724632501602,0.03779296875,-0.004036136553622782,4840,0.4010027050971985
62,895.28,15886,122.58912472999998,995328,486,0.0003,1.0085103876888752,0.007626856,0.2,0.7803951352834702,-0.7469308391213417,0.059326171875,-0.008700405654963106,4850,0.33953577280044556
62,895.23,15917,122.54554808999997,997376,487,0.0003,1.2315797097980976,0.0055863145,0.2,0.7913551181554794,-0.7423762023448944,0.042333984375,-0.00444905502954498,4860,0.41909298300743103
62,895.26,15948,122.60500661999998,999424,488,0.0003,1.2346912555396556,0.0046652337,0.2,0.7594676911830902,-0.7481535382568836,0.03427734375,-0.004160470579518005,4870,0.5194298028945923
62,895.45,15979,122.73766343,1001472,489,0.0003,1.0836230129003526,0.005431392,0.2,0.6866742372512817,-0.7703881278634072,0.043359375,-0.007312081626150757,4880,0.4136868715286255
